# https://github.com/mikedh/trimesh
mtllib material.mtl

o LOD3spShape
usemtl blinn3-fx
v -0.23936399 0.11535299 0.30612499
v -0.18726400 0.10108001 0.26681398
v -0.15699199 0.11427800 0.34232097
v -0.11459000 0.10041300 0.29824298
v -0.24532598 0.10114699 0.22206899
v -0.30519599 0.11627200 0.25132598
v -0.35152797 0.11683599 0.17719099
v -0.28550399 0.10178500 0.15799499
v -0.31114198 0.10170299 0.06384860
v -0.37927199 0.11779999 0.06997279
v 0.47767699 0.14116199 0.33621200
v 0.61547198 0.14272599 0.25208198
v 0.51841098 0.17705499 0.36560199
v 0.65720595 0.18372001 0.27086198
v 0.56011698 0.11434499 0.22696298
v 0.43685397 0.11429999 0.30016399
v -0.28646699 0.14412000 0.33979297
v -0.19459001 0.14309001 0.37926700
v -0.36067001 0.14505399 0.27681598
v -0.32929198 0.18557399 0.36724799
v -0.40921798 0.18632200 0.29638198
v -0.23234298 0.18148799 0.41042899
v -0.40946300 0.14642600 0.19221899
v -0.44171397 0.14655200 0.07278270
v -0.46173297 0.18660400 0.20524599
v -0.50267497 0.18389000 0.07363540
v 0.68618193 0.14202200 0.14075699
v 0.62448699 0.11398900 0.12980599
v 0.73341795 0.18346799 0.14919399
v 0.55780299 0.22498800 0.38546496
v 0.68873198 0.23410699 0.28420799
v 0.60232596 0.28194398 0.39594897
v 0.71298399 0.29035899 0.29333499
v -0.36981898 0.23743598 0.38584399
v -0.27017099 0.23467100 0.43036597
v -0.45230197 0.23662799 0.30924598
v -0.41073096 0.29332498 0.39476298
v -0.48950000 0.28935798 0.31410199
v -0.32973697 0.29691398 0.43477000
v 0.76984396 0.23467800 0.15574899
v 0.79461493 0.29189399 0.16067199
v 0.72886496 0.35122298 0.29836898
v 0.63240595 0.34557399 0.39830699
v 0.65251296 0.41395499 0.39884002
v 0.73811796 0.41742499 0.29858398
v 0.80931799 0.35387698 0.16409000
v 0.81860800 0.42114001 0.16729200
v 0.64626296 0.55484896 0.38264796
v 0.66081694 0.48555499 0.39244899
v 0.72659697 0.55003001 0.29246799
v 0.73998694 0.48534697 0.29685699
v 0.81589399 0.48838698 0.16962799
v 0.80168799 0.55185298 0.16948000
v 0.55517897 0.67734000 0.35735797
v 0.61192698 0.62005698 0.37295001
v 0.66582900 0.66416495 0.27921798
v 0.70169997 0.61015196 0.28639499
v 0.77787398 0.61019599 0.16761098
v 0.74864699 0.66326796 0.16601001
v 0.43497096 0.75699194 0.31869899
v 0.48508399 0.72152899 0.33902900
v 0.56934001 0.75003699 0.25749500
v 0.61763697 0.71037001 0.26855699
v 0.71632094 0.71177199 0.16667001
v 0.67183493 0.75449293 0.16636600
v -0.12124799 0.73999098 0.28919099
v 0.01936420 0.72838698 0.33876300
v -0.07400390 0.76158095 0.26375900
v 0.03647630 0.75914198 0.30548002
v -0.03379620 0.78057593 0.23195299
v 0.05318060 0.78426893 0.26963899
v 0.14833500 0.76314497 0.32047099
v 0.14701600 0.78846495 0.28888599
v 0.14760099 0.73870100 0.35157397
v -0.14704199 0.76609595 0.19720899
v -0.19201700 0.77811499 0.07336109
v -0.20947000 0.75005896 0.21399499
v -0.24782400 0.78230398 0.07651210
v -0.13279899 0.78281599 0.06780780
v -0.09309569 0.78091696 0.17663499
v 0.02333080 0.81265799 0.10701400
v 0.00655960 0.81072294 0.03993760
v 0.04942160 0.81426695 0.15819500
v -0.55305499 0.81482298 0.20186498
v -0.49515002 0.83877798 0.20767799
v -0.54725699 0.89976095 0.08844909
v -0.48548900 0.92265592 0.09065110
v -0.48548900 0.92265592 0.09065110
v -0.49515002 0.83877798 0.20767799
v -0.42421699 0.91530096 0.09022110
v -0.44102496 0.82878393 0.21079999
v -0.48399798 0.77260596 0.26959499
v -0.44171397 0.77893797 0.26126798
v -0.48399798 0.77260596 0.26959499
v -0.53656596 0.74737494 0.26973499
v -0.63834097 0.69835898 0.17705000
v -0.60333895 0.76363493 0.19061800
v -0.64758696 0.73899695 0.07152970
v -0.60159598 0.84405699 0.08281430
v -0.58257899 0.70639593 0.26417499
v -0.61569098 0.65695799 0.25225299
v -0.58145896 0.60410899 0.31584499
v -0.54552199 0.64876494 0.32924297
v -0.50191798 0.68783095 0.33096999
v -0.42929599 0.61250197 0.39449599
v -0.46397197 0.55562003 0.40334098
v -0.48959597 0.49256099 0.39821799
v -0.53555697 0.46159198 0.34992797
v -0.60815798 0.55995696 0.28572799
v -0.58369795 0.43946799 0.28036001
v -0.63069003 0.52729003 0.24055299
v -0.64966300 0.57267298 0.21739799
v -0.63649497 0.60788298 0.23365798
v -0.50644198 0.23497499 0.21243799
v -0.55757003 0.23043001 0.07730550
v -0.54426097 0.28539199 0.21638198
v -0.60109198 0.28235898 0.07927759
v -0.04669710 0.35733298 0.52217696
v -0.05182790 0.39355098 0.52868697
v -0.10373500 0.36316001 0.51833598
v -0.12422800 0.39245399 0.51941897
v -0.05954610 0.43385497 0.53166003
v -0.14264499 0.43476699 0.51889197
v -0.45138297 0.35182399 0.39080299
v -0.52176596 0.34100597 0.30998698
v -0.53555697 0.46159198 0.34992797
v -0.58369795 0.43946799 0.28036001
v -0.48959597 0.49256099 0.39821799
v -0.39358199 0.37175300 0.42824496
v -0.57747000 0.33544597 0.21510000
v -0.63204695 0.33356197 0.07773540
v -0.62483199 0.42773799 0.19605299
v -0.66251898 0.42375003 0.07591160
v -0.06344590 0.47534499 0.53092597
v -0.06206700 0.51429297 0.52475001
v -0.14968899 0.48097297 0.51571196
v -0.14504699 0.52274497 0.51045497
v -0.24162599 0.66801299 0.39629798
v -0.21096000 0.64579199 0.41713100
v -0.13218400 0.68158797 0.38548797
v -0.10609299 0.65575697 0.41267596
v -0.29201299 0.79656096 0.08085689
v -0.27553098 0.73687697 0.22894199
v -0.20841001 0.71931197 0.31587499
v -0.20841001 0.71931197 0.31587499
v -0.27553098 0.73687697 0.22894199
v -0.31799299 0.70839796 0.33436599
v -0.34081397 0.73657294 0.23168498
v -0.29201299 0.79656096 0.08085689
v -0.33115298 0.82334898 0.08624710
v 0.34122497 0.80571798 0.26647298
v 0.39086398 0.77653593 0.29495899
v 0.48245196 0.81078894 0.22327001
v 0.52286002 0.78290495 0.24298500
v 0.28675199 0.75046698 0.34739997
v 0.26620698 0.76955893 0.31914399
v 0.24528398 0.79424795 0.29097699
v 0.62586695 0.78858397 0.16119798
v 0.58245597 0.81645399 0.14937199
v 0.08764220 0.81560095 0.20242898
v 0.15552700 0.81380697 0.24423000
v -0.40058002 0.73305800 0.29016898
v -0.39393001 0.77908598 0.22264699
v -0.37106399 0.88175199 0.08914610
v -0.62483199 0.42773799 0.19605299
v -0.65592795 0.51665797 0.17259399
v -0.66251898 0.42375003 0.07591160
v -0.68004599 0.51578299 0.07153720
v -0.66254195 0.57767699 0.16013799
v -0.67975798 0.58511397 0.06998020
v -0.44833598 0.71333594 0.32121299
v -0.38081397 0.66612196 0.37636798
v -0.38081397 0.66612196 0.37636798
v -0.44833598 0.71333594 0.32121299
v -0.65568999 0.63550898 0.16556499
v -0.66914694 0.65618002 0.07077350
v 0.55167197 0.83732496 0.13221599
v 0.46140296 0.83292799 0.20059000
v 0.53373698 0.85557196 0.12367399
v 0.44865096 0.85199003 0.18757799
v 0.25305499 0.83159399 0.23781002
v 0.17545700 0.83229895 0.21656799
v 0.24395698 0.81241293 0.26414499
v 0.19049999 0.85009298 0.20473400
v 0.26055000 0.84941000 0.22327798
v 0.35196098 0.83043005 0.23511098
v 0.35258399 0.84975897 0.22008899
v 0.12119199 0.83235800 0.18075000
v 0.08650039 0.83153395 0.13712399
v 0.10221100 0.84964094 0.13144499
v 0.13863800 0.85024794 0.17284599
v 0.39271697 0.10004200 0.25989698
v 0.49741397 0.09996830 0.19706798
v 0.14615599 0.10012399 0.31795799
v 0.25963098 0.10025699 0.30039298
v 0.15179800 0.11410000 0.36416400
v 0.28211898 0.11427800 0.34579097
v -0.00679352 0.10016800 0.31829898
v -0.02696780 0.11342499 0.36465297
v 0.55179000 0.10030900 0.11421400
v 0.30528798 0.14096900 0.38223300
v 0.16125900 0.13979799 0.40217696
v 0.17297300 0.17367399 0.43297599
v 0.33079299 0.17733598 0.41376498
v -0.05219850 0.14079099 0.40254798
v -0.08320499 0.17872299 0.43371699
v 0.18919500 0.36204097 0.52589198
v 0.18462799 0.39992000 0.53299399
v 0.11219100 0.35624297 0.52598796
v 0.10604399 0.39652396 0.53431399
v 0.18252300 0.44311599 0.53795497
v 0.10152200 0.43826697 0.53925196
v 0.18462799 0.39992000 0.53299399
v 0.25953498 0.39999396 0.52774497
v 0.18252300 0.44311599 0.53795497
v 0.27024799 0.44558497 0.52883498
v 0.24568498 0.36924697 0.52469096
v 0.18919500 0.36204097 0.52589198
v 0.17691000 0.48986297 0.53822097
v 0.09735490 0.48091399 0.53881499
v 0.09354390 0.52179599 0.53505599
v 0.16923599 0.53600898 0.53289798
v 0.16923599 0.53600898 0.53289798
v 0.17691000 0.48986297 0.53822097
v 0.25437398 0.55085196 0.52072398
v 0.26872098 0.49869296 0.52695197
v 0.16142900 0.57600196 0.52317099
v 0.09126030 0.55867499 0.52718097
v 0.09231319 0.59258002 0.51211497
v 0.15978299 0.60870596 0.50854197
v 0.15978299 0.60870596 0.50854197
v 0.16142900 0.57600196 0.52317099
v 0.21275098 0.61641696 0.50394496
v 0.23242799 0.59208296 0.51199698
v 0.32261497 0.71409994 0.37972697
v 0.15200599 0.70934798 0.38490897
v 0.43864898 0.67794096 0.39867698
v 0.51440799 0.62676001 0.41461799
v 0.55983496 0.56162497 0.42780799
v 0.57640597 0.48915099 0.43843299
v 0.56418696 0.41764796 0.44437098
v 0.52917697 0.35058597 0.44577296
v 0.46956599 0.29008498 0.44239898
v 0.36217002 0.23148300 0.43905597
v 0.18041000 0.21337001 0.45415797
v -0.13067899 0.23553098 0.45645698
v -0.24263399 0.29759599 0.46469397
v -0.31768098 0.36617797 0.45776896
v -0.37134597 0.44647399 0.44431197
v -0.37829997 0.51572398 0.43692698
v -0.35866798 0.57895297 0.42733298
v -0.46397197 0.55562003 0.40334098
v -0.42929599 0.61250197 0.39449599
v -0.31474498 0.63294299 0.41295001
v -0.38081397 0.66612196 0.37636798
v -0.31799299 0.70839796 0.33436599
v -0.05735140 0.54684096 0.51816596
v -0.12933699 0.55435897 0.50659198
v -0.05547560 0.57467497 0.50645896
v -0.11064500 0.57332499 0.50303298
v 0.01384800 0.69260596 0.38587298
v -0.27949798 0.36474700 0.46635497
v -0.32007598 0.43319499 0.45756198
v -0.23853399 0.36651897 0.48762599
v -0.27298099 0.42886600 0.48068698
v -0.25957599 0.36564399 0.47277598
v -0.29809299 0.42968097 0.46535399
v -0.16443599 0.32224799 0.49305396
v -0.18661199 0.31176399 0.47825499
v -0.20603698 0.30610698 0.47064002
v -0.33328899 0.50128798 0.44856799
v -0.32136699 0.56488799 0.43832896
v -0.28752000 0.49271003 0.47286399
v -0.27889699 0.55043002 0.46516097
v -0.31266198 0.49649096 0.45658297
v -0.30266000 0.55842299 0.44703299
v 0.29934898 0.25900400 0.46523597
v 0.16404600 0.23930499 0.47058097
v 0.13626500 0.28063899 0.49998599
v 0.14947699 0.25712099 0.48390399
v 0.23961198 0.29545299 0.49912597
v 0.26754199 0.27511598 0.48116099
v 0.23961198 0.29545299 0.49912597
v 0.26754199 0.27511598 0.48116099
v 0.32386798 0.32717098 0.49871096
v 0.36289699 0.31221698 0.48060496
v 0.40111796 0.30266000 0.46513896
v -0.09841920 0.26127300 0.47153003
v -0.07159420 0.29397798 0.49707896
v -0.08428010 0.27461898 0.48234698
v 0.46821696 0.35817001 0.46576198
v 0.38155097 0.37512698 0.49781398
v 0.42664496 0.36521400 0.48059798
v 0.41392200 0.43435199 0.49468497
v 0.46511001 0.42777598 0.47789897
v 0.50775698 0.42275599 0.46347796
v 0.52056899 0.49305098 0.45765098
v 0.42270099 0.49912299 0.48877597
v 0.47734397 0.49637999 0.47182696
v 0.40469897 0.56344897 0.48034499
v 0.45663596 0.56467299 0.46257399
v 0.50127696 0.56399001 0.44758197
v 0.26485099 0.69258398 0.41299399
v 0.37117099 0.66937697 0.42345599
v 0.20505498 0.66243002 0.45903697
v 0.28973298 0.65038893 0.46394500
v 0.23210199 0.67812598 0.43553397
v 0.32852397 0.66170294 0.44295497
v 0.11052299 0.65662398 0.45690898
v 0.20505498 0.66243002 0.45903697
v 0.12357899 0.67260199 0.43217498
v 0.23210199 0.67812598 0.43553397
v 0.13708799 0.68774199 0.41108199
v 0.45063796 0.62555098 0.43564498
v 0.35827800 0.61688399 0.47141898
v 0.40555099 0.62254897 0.45237197
v -0.28270099 0.61599398 0.42678496
v -0.18584798 0.62386096 0.45599002
v -0.20177398 0.63842295 0.42599196
v -0.24696399 0.59531596 0.45888896
v -0.26747899 0.60754199 0.43669799
v -0.08956630 0.63261698 0.45583400
v -0.09811519 0.64578497 0.42534698
v 0.01322510 0.64153700 0.45660499
v 0.01562730 0.65451895 0.43026198
v -0.22388299 0.43329898 0.49848796
v -0.19149000 0.38151797 0.50400496
v -0.13343699 0.34446899 0.50771899
v -0.22833898 0.53817397 0.48604697
v -0.23662799 0.48882499 0.49219397
v 0.21104499 0.32740100 0.51478499
v 0.12303099 0.31636899 0.51468097
v 0.21104499 0.32740100 0.51478499
v 0.28200000 0.34970298 0.51491099
v -0.05702510 0.32444999 0.51108496
v 0.32426799 0.38965098 0.51459998
v 0.34931400 0.44155898 0.51258296
v 0.35246497 0.50041297 0.50777098
v 0.33728099 0.55899298 0.50047499
v 0.24849498 0.63369998 0.48611400
v 0.17920099 0.63783698 0.48437098
v 0.09961619 0.62887297 0.48403796
v 0.17920099 0.63783698 0.48437098
v 0.30018001 0.60597003 0.49245299
v -0.20423599 0.57642398 0.48125697
v -0.15019299 0.59748797 0.48010898
v -0.07113450 0.60551097 0.48208098
v 0.01521960 0.61500098 0.48358600
v 0.01767360 0.58016097 0.51009898
v 0.01702870 0.54829497 0.52480197
v 0.01637620 0.51386298 0.53303199
v 0.01757720 0.47519000 0.53787299
v 0.02113620 0.43438899 0.53826598
v 0.02613330 0.39403297 0.53300898
v 0.03030020 0.35457397 0.52467498
v 0.03110090 0.31636098 0.51326499
v 0.03075250 0.28229299 0.49935599
v 0.03094520 0.25896001 0.48475699
v 0.03123440 0.24063899 0.47280497
v 0.03029280 0.21447399 0.45896296
v 0.04082110 0.17385900 0.43941897
v 0.04481740 0.13922001 0.40962798
v 0.04630760 0.11347700 0.37059898
v 0.04955510 0.09998310 0.32390399
v 0.70640700 0.14391299 0.02928330
v 0.75825598 0.18392799 0.02939450
v 0.64275595 0.11657599 0.02659930
v 0.79935293 0.23413001 0.02939450
v 0.82812796 0.29136798 0.02939450
v 0.84580297 0.35354400 0.02939450
v 0.85872595 0.42138396 0.02939450
v 0.85963095 0.48859496 0.03257520
v 0.84914694 0.55209098 0.03257520
v 0.82825399 0.61022597 0.03258260
v 0.79936003 0.66200697 0.03257520
v 0.76754599 0.71343298 0.03255300
v 0.72920698 0.75656897 0.03116650
v 0.69013296 0.79147497 0.03009890
v 0.64964400 0.82121397 0.02892000
v 0.61558299 0.84206297 0.02517580
v 0.59150096 0.85826300 0.02117210
v 0.57075598 0.10152500 0.02285510
v 0.06640030 0.83073393 0.08641020
v 0.05660610 0.83019293 0.02972820
v 0.07919730 0.84747496 0.08183559
v 0.06733440 0.84526594 0.02837880
v 0.10347899 0.87400297 0.13994899
v 0.07670610 0.86759001 0.08638050
v 0.06166260 0.86352697 0.03337600
v 0.04330480 0.88700796 0.04577260
v 0.05992760 0.89569799 0.10109799
v 0.09229090 0.91542692 0.17103698
v 0.19523799 0.87099394 0.20648399
v 0.14398299 0.87270597 0.17874799
v 0.14531799 0.90472799 0.20579500
v 0.19567600 0.89717298 0.22487899
v 0.26209998 0.86943693 0.22165399
v 0.25840000 0.89316198 0.23559299
v 0.35022597 0.89387396 0.23373199
v 0.35030799 0.86949598 0.21917799
v 0.45057097 0.89417799 0.19824001
v 0.44429099 0.87174192 0.18659898
v 0.52847197 0.87516005 0.12330399
v 0.54148398 0.90199194 0.13139299
v 0.58577796 0.87595297 0.02233610
v 0.59103396 0.90032392 0.03376890
v 0.01580520 0.66813895 0.41235698
v -0.31802198 0.10085800 -0.01971020
v -0.38800597 0.11688000 -0.01944330
v -0.45245799 0.14541000 -0.01981400
v -0.51564299 0.18203699 -0.02106700
v 0.70781599 0.14225899 -0.10513699
v 0.75930800 0.18273399 -0.10619000
v 0.64371298 0.11526399 -0.10131900
v 0.79936796 0.23364799 -0.10642000
v 0.82695593 0.29129398 -0.10748000
v 0.84368300 0.35367000 -0.11066100
v 0.85613897 0.42137000 -0.11531700
v 0.85803694 0.48926196 -0.12025499
v 0.84792395 0.55345496 -0.12413299
v 0.82711195 0.61214598 -0.12692099
v 0.79634298 0.66397894 -0.12921900
v 0.71668394 0.75633200 -0.12706099
v 0.76016798 0.71427794 -0.13394899
v -0.19731000 0.77901900 -0.01944330
v -0.20260398 0.77992399 -0.11224800
v -0.25021900 0.78692297 -0.01821990
v -0.25262100 0.79154196 -0.11295199
v -0.13821099 0.78324499 -0.01899850
v -0.14362400 0.78367598 -0.10581199
v 0.00599609 0.81096693 -0.01113930
v 0.00543259 0.81120497 -0.06221619
v -0.55446398 0.92477697 -0.03387150
v -0.48967002 0.94380094 -0.03433120
v -0.49384497 0.92981092 -0.15318199
v -0.48967002 0.94380094 -0.03433120
v -0.43191298 0.92022398 -0.14971900
v -0.42743499 0.92750494 -0.03244790
v -0.66314894 0.75478194 -0.02118570
v -0.61625395 0.86677496 -0.02958600
v -0.56839499 0.22922899 -0.02042940
v -0.61043398 0.28045398 -0.11312299
v -0.61327296 0.28167001 -0.02000680
v -0.64353095 0.34246700 -0.11167700
v -0.64683005 0.34159198 -0.01928020
v -0.29166398 0.80371595 -0.01679640
v -0.29130899 0.81087095 -0.11445000
v -0.32863197 0.83511595 -0.01952490
v -0.32611099 0.84687498 -0.12530399
v -0.29166398 0.80371595 -0.01679640
v -0.29130899 0.81087095 -0.11445000
v 0.67580100 0.79108893 -0.12265000
v 0.63485198 0.82005697 -0.11540600
v -0.37138297 0.88952894 -0.02977140
v -0.37317699 0.89302099 -0.14532300
v -0.67724394 0.42676002 -0.01889470
v -0.69298499 0.52035796 -0.01983630
v -0.69078200 0.59067397 -0.01985850
v -0.68012793 0.66587004 -0.01963610
v 0.59998297 0.84013495 -0.10740599
v 0.57762896 0.85609793 -0.10350599
v 0.05688030 0.83027395 -0.00727650
v 0.05715470 0.83035597 -0.04428110
v 0.06509539 0.84439093 -0.00967133
v 0.06355320 0.84378294 -0.03721530
v 0.57091899 0.10091699 -0.09592899
v 0.05725110 0.86210394 -0.00331726
v 0.05459680 0.86121397 -0.03260360
v 0.03738080 0.88530294 0.01108860
v 0.03247260 0.88584394 -0.02724310
v 0.56928000 0.89784796 -0.10535200
v 0.56493598 0.87461897 -0.10080000
v -0.24340499 0.11435899 -0.38360297
v -0.16189300 0.11413000 -0.41824199
v -0.19177200 0.09970139 -0.34562698
v -0.12051399 0.09993870 -0.37469798
v -0.31106000 0.11477500 -0.32968597
v -0.25119001 0.09929370 -0.30186000
v -0.35474498 0.11632399 -0.25677398
v -0.29009298 0.10052399 -0.23968399
v -0.37844096 0.11719900 -0.17936199
v -0.30966699 0.10157699 -0.16999799
v 0.65416693 0.18372001 -0.34667197
v 0.60999999 0.14303000 -0.32691299
v 0.51114497 0.17827001 -0.43776397
v 0.46972197 0.14213299 -0.40794398
v 0.55538596 0.11466300 -0.30236499
v 0.42982596 0.11509299 -0.37420898
v -0.19519699 0.14354899 -0.45389697
v -0.28996599 0.14378699 -0.41640399
v -0.36488002 0.14459499 -0.35360500
v -0.41225799 0.18632200 -0.37219997
v -0.33188697 0.18572198 -0.44230899
v -0.22710100 0.18381599 -0.48172297
v -0.41434096 0.14431299 -0.27135099
v -0.44123298 0.14444699 -0.18697599
v -0.49906398 0.18128099 -0.19454599
v -0.46661899 0.18392799 -0.28284299
v 0.62094397 0.11419599 -0.20539299
v 0.68265295 0.14214100 -0.21655899
v 0.73037794 0.18346799 -0.22501098
v 0.70927695 0.29035199 -0.36854400
v 0.68569197 0.23410699 -0.36002498
v 0.59314002 0.28460599 -0.46539699
v 0.54839499 0.22709299 -0.45718200
v -0.26881399 0.23691699 -0.50140097
v -0.37172397 0.23751001 -0.45891700
v -0.45535003 0.23662799 -0.38506297
v -0.49361499 0.28878002 -0.39024596
v -0.41371799 0.29344398 -0.46770297
v -0.33199100 0.29873000 -0.50710898
v 0.76680395 0.23467800 -0.23156599
v 0.79157499 0.29189399 -0.23648099
v 0.72563299 0.35126800 -0.37388297
v 0.62517001 0.34810897 -0.46660598
v 0.73481200 0.41755897 -0.37345298
v 0.64622595 0.41590499 -0.46593097
v 0.80627798 0.35387698 -0.23989898
v 0.81556799 0.42114001 -0.24311000
v 0.63926398 0.55223098 -0.45573596
v 0.72906599 0.55097098 -0.37030898
v 0.65208296 0.48551097 -0.46114898
v 0.73839995 0.48562899 -0.37299998
v 0.81674002 0.48898799 -0.24628299
v 0.80687094 0.55347697 -0.24807001
v 0.55802596 0.66766394 -0.44169398
v 0.67308005 0.66432799 -0.36116000
v 0.60796095 0.61445197 -0.45031596
v 0.70779394 0.61119002 -0.36790698
v 0.78612593 0.61265002 -0.24804000
v 0.75547499 0.66521796 -0.24624599
v 0.43956099 0.74664900 -0.39815002
v 0.57829695 0.75238005 -0.34139297
v 0.49193499 0.70950293 -0.42348399
v 0.62988497 0.71049002 -0.35195098
v 0.71475600 0.71200896 -0.24448900
v 0.66864699 0.75464796 -0.24425100
v -0.12217399 0.73881895 -0.36438499
v -0.06856920 0.76130697 -0.33299297
v 0.02202580 0.72876494 -0.41225200
v 0.04099900 0.75837797 -0.37445399
v -0.02042100 0.78412001 -0.29475002
v 0.06187020 0.78520300 -0.33435001
v 0.15397799 0.78799795 -0.35514697
v 0.15390400 0.76123999 -0.38918597
v 0.15540099 0.73189398 -0.42511497
v -0.24787599 0.76579199 -0.19726699
v -0.18659000 0.77177595 -0.18969699
v -0.20674900 0.74993300 -0.28818799
v -0.14564799 0.76613295 -0.27007499
v -0.12534000 0.78289694 -0.17667799
v -0.08319000 0.78354895 -0.24270198
v 0.01964580 0.81256193 -0.18351400
v 0.00727875 0.81187193 -0.12414799
v 0.04344570 0.81122694 -0.24164199
v -0.55843001 0.81314001 -0.28550399
v -0.55816298 0.87242399 -0.22075599
v -0.49891597 0.83610899 -0.28987199
v -0.49625399 0.89346594 -0.22464799
v -0.49625399 0.89346594 -0.22464799
v -0.43703597 0.88349394 -0.22315799
v -0.49891597 0.83610899 -0.28987199
v -0.44445098 0.82604796 -0.28968599
v -0.44488799 0.77875197 -0.33664798
v -0.48680796 0.77232397 -0.34531600
v -0.54130297 0.74792395 -0.34632400
v -0.48680796 0.77232397 -0.34531600
v -0.64313094 0.69657294 -0.25898399
v -0.65505293 0.72589598 -0.18504900
v -0.61122698 0.76111395 -0.27267099
v -0.61710696 0.81899000 -0.20978300
v -0.58783496 0.70712294 -0.34109698
v -0.61961299 0.65753600 -0.32955299
v -0.58446898 0.60387896 -0.39173598
v -0.55060096 0.65033698 -0.40518600
v -0.50507697 0.68780898 -0.40681697
v -0.43463397 0.60448001 -0.47489398
v -0.46719001 0.55354396 -0.48097400
v -0.49208697 0.49199797 -0.47372298
v -0.54183001 0.45993098 -0.42282397
v -0.58968897 0.43719897 -0.35585799
v -0.61302897 0.55834796 -0.36298400
v -0.63854895 0.52571097 -0.32006297
v -0.65195395 0.57072299 -0.29514299
v -0.63933497 0.60729003 -0.31165498
v -0.51201697 0.23172698 -0.29078298
v -0.54957000 0.22813098 -0.19976598
v -0.59265399 0.27911899 -0.20236099
v -0.55152003 0.28211500 -0.29549899
v -0.03963870 0.36040897 -0.59508002
v -0.09326629 0.36666698 -0.59050498
v -0.04379070 0.39576797 -0.59840895
v -0.11203199 0.39413699 -0.59029002
v -0.13086400 0.43344699 -0.58848097
v -0.05222080 0.43471499 -0.59880896
v -0.45846396 0.35435897 -0.46314300
v -0.53076003 0.34281497 -0.38524898
v -0.58968897 0.43719897 -0.35585799
v -0.54183001 0.45993098 -0.42282397
v -0.49208697 0.49199797 -0.47372298
v -0.39753299 0.37337699 -0.50197898
v -0.58694499 0.33690597 -0.29414899
v -0.63128298 0.33463001 -0.20146398
v -0.66344595 0.42194797 -0.19439100
v -0.63132796 0.42552199 -0.27851299
v -0.14219999 0.51903003 -0.58049597
v -0.06006500 0.51355098 -0.59049002
v -0.14214100 0.47724398 -0.58491496
v -0.05841900 0.47514499 -0.59598399
v -0.11134900 0.65489005 -0.48695697
v -0.21741800 0.64009795 -0.49290297
v -0.13936800 0.67828200 -0.45920596
v -0.25058198 0.65913794 -0.47287799
v -0.30069499 0.77315497 -0.20568300
v -0.27306199 0.73887793 -0.30329099
v -0.21575698 0.71292799 -0.39388599
v -0.21575698 0.71292799 -0.39388599
v -0.33128700 0.69385199 -0.41471297
v -0.27306199 0.73887793 -0.30329099
v -0.34257899 0.73902594 -0.30839999
v -0.34489200 0.80025396 -0.21561800
v -0.30069499 0.77315497 -0.20568300
v 0.34238197 0.80570295 -0.34249797
v 0.48699000 0.81186499 -0.30868898
v 0.39216098 0.77645399 -0.37083598
v 0.52793898 0.78476599 -0.32868499
v 0.29705098 0.73733595 -0.42051097
v 0.27127899 0.76727499 -0.38884498
v 0.25218000 0.79313597 -0.35808299
v 0.62387896 0.78917700 -0.24244199
v 0.57939398 0.81717299 -0.23221099
v 0.09524179 0.81070799 -0.28796598
v 0.16575899 0.81115294 -0.31895002
v -0.40394698 0.73317000 -0.36583099
v -0.39642798 0.78068693 -0.29833898
v -0.38625598 0.84633398 -0.22151199
v -0.63132796 0.42552199 -0.27851299
v -0.66344595 0.42194797 -0.19439100
v -0.66132597 0.51337298 -0.25825698
v -0.68039496 0.51255000 -0.18387001
v -0.68018004 0.58213297 -0.17818300
v -0.66686400 0.57589099 -0.24688400
v -0.45136798 0.71286894 -0.39693397
v -0.39194297 0.64805396 -0.45713798
v -0.39194297 0.64805396 -0.45713798
v -0.45136798 0.71286894 -0.39693397
v -0.65846396 0.63417395 -0.25009399
v -0.67083800 0.65104193 -0.17911001
v 0.54467299 0.83661299 -0.21552900
v 0.46095797 0.83249899 -0.28641698
v 0.44194098 0.85119001 -0.26786600
v 0.52190299 0.85359198 -0.20402898
v 0.17921600 0.83203894 -0.29015298
v 0.25251298 0.81070799 -0.33360099
v 0.25847398 0.83135695 -0.30877000
v 0.19021900 0.85034498 -0.27484298
v 0.26163299 0.85064093 -0.29327499
v 0.34765300 0.85042593 -0.29420898
v 0.35031497 0.83066694 -0.31265598
v 0.12145099 0.83203894 -0.25585498
v 0.08375709 0.83182394 -0.21112499
v 0.09940860 0.84923193 -0.20069299
v 0.13724399 0.84978895 -0.24246499
v 0.49392199 0.10027200 -0.27324098
v 0.38796496 0.10050199 -0.33612899
v 0.14187000 0.09936040 -0.39562900
v 0.14780200 0.11384800 -0.44017398
v 0.25484899 0.09938260 -0.37999198
v 0.27742498 0.11427800 -0.42153399
v -0.03258770 0.11387000 -0.43971396
v -0.00926239 0.09962720 -0.39574699
v 0.55035899 0.10017600 -0.19002300
v 0.15637199 0.13954599 -0.47863097
v 0.30078000 0.14104299 -0.45766398
v 0.16922100 0.17445200 -0.50806598
v 0.32795299 0.17799598 -0.48809897
v -0.05976100 0.14211099 -0.47591697
v -0.09064150 0.18157699 -0.50572299
v 0.18851299 0.36274497 -0.60564498
v 0.11389600 0.35743598 -0.60277598
v 0.18448000 0.40062499 -0.61234698
v 0.10861000 0.39790298 -0.60899699
v 0.10449500 0.43909698 -0.61085799
v 0.18387899 0.44321898 -0.61328196
v 0.26591798 0.44646697 -0.61007098
v 0.25570899 0.40151397 -0.60924899
v 0.18387899 0.44321898 -0.61328196
v 0.18448000 0.40062499 -0.61234698
v 0.24246000 0.37063399 -0.60551898
v 0.18851299 0.36274497 -0.60564498
v 0.17987600 0.48761599 -0.61060496
v 0.09984609 0.48041697 -0.60780299
v 0.09455970 0.51998000 -0.60027697
v 0.17172001 0.53025599 -0.60166396
v 0.17172001 0.53025599 -0.60166396
v 0.25462598 0.54492896 -0.59527297
v 0.17987600 0.48761599 -0.61060496
v 0.26705299 0.49701796 -0.60623099
v 0.16234800 0.56772696 -0.58867396
v 0.09024460 0.55628001 -0.58875498
v 0.09006659 0.58994795 -0.57280799
v 0.15970899 0.59969000 -0.57328898
v 0.15970899 0.59969000 -0.57328898
v 0.21336599 0.60555499 -0.57205897
v 0.16234800 0.56772696 -0.58867396
v 0.23277599 0.58232596 -0.58209002
v 0.15586099 0.70044295 -0.46078498
v 0.32916198 0.70048697 -0.45599597
v 0.44137698 0.66476500 -0.47442000
v 0.51248000 0.61659499 -0.48746199
v 0.55540099 0.55524199 -0.49771499
v 0.57073397 0.48809096 -0.50569297
v 0.56006499 0.41956100 -0.51280299
v 0.52566298 0.35332900 -0.51602896
v 0.46513198 0.29225002 -0.51505000
v 0.17505600 0.21401498 -0.53141398
v 0.35752898 0.23258001 -0.51424899
v -0.13585399 0.23934200 -0.52611197
v -0.24865400 0.30357898 -0.52877398
v -0.32387897 0.37056003 -0.52637896
v -0.37595000 0.44680098 -0.51763099
v -0.43463397 0.60448001 -0.47489398
v -0.36317496 0.56545096 -0.50609397
v -0.46719001 0.55354396 -0.48097400
v -0.38094699 0.50861296 -0.51419001
v -0.39194297 0.64805396 -0.45713798
v -0.32276698 0.62015399 -0.49205096
v -0.33128700 0.69385199 -0.41471297
v -0.13031500 0.55228297 -0.57569895
v -0.05757390 0.54706397 -0.58255698
v -0.05658040 0.57551196 -0.57076098
v -0.11197200 0.57272498 -0.56970797
v 0.01381820 0.68977400 -0.45956897
v -0.32289397 0.43143798 -0.53136199
v -0.27833398 0.36860198 -0.53862002
v -0.21693599 0.37494899 -0.56284198
v -0.24868398 0.37043399 -0.54851096
v -0.26219299 0.42687099 -0.55600596
v -0.29599399 0.42733096 -0.54050399
v -0.15087499 0.33342197 -0.56792796
v -0.17719598 0.32105399 -0.55399699
v -0.20391698 0.31234298 -0.54283099
v -0.32829799 0.55373698 -0.51433097
v -0.33744800 0.49298396 -0.52395396
v -0.28517700 0.48553298 -0.54776896
v -0.31525001 0.48831298 -0.53174002
v -0.28591899 0.54455798 -0.53886496
v -0.31045198 0.54951796 -0.52156699
v 0.29503398 0.26045799 -0.54082896
v 0.15889299 0.23916398 -0.54731002
v 0.13361799 0.27784398 -0.57717398
v 0.23749898 0.29456298 -0.57672198
v 0.14481399 0.25644699 -0.55976596
v 0.26425798 0.27507099 -0.55663699
v 0.23749898 0.29456298 -0.57672198
v 0.31812198 0.33121200 -0.57682597
v 0.26425798 0.27507099 -0.55663699
v 0.35659499 0.31626498 -0.55647296
v 0.39679500 0.30561799 -0.53880599
v -0.10050299 0.26585498 -0.54508498
v -0.06802800 0.30102899 -0.57211096
v -0.08336059 0.28158799 -0.55754897
v 0.46253001 0.36209998 -0.53790099
v 0.37032600 0.38112498 -0.57722697
v 0.41694697 0.37049297 -0.55669596
v 0.39805499 0.43952002 -0.57543898
v 0.45078597 0.43237197 -0.55483496
v 0.50012797 0.42553599 -0.53543898
v 0.51139003 0.49254699 -0.52959697
v 0.40613700 0.50159896 -0.57028598
v 0.46106898 0.49764796 -0.54959399
v 0.38915099 0.56149199 -0.56087798
v 0.44268199 0.56130599 -0.54071799
v 0.49321002 0.55834098 -0.52084796
v 0.37143100 0.65794394 -0.49831599
v 0.26732000 0.68026099 -0.48784697
v 0.20438699 0.65786299 -0.53141398
v 0.23255399 0.67017004 -0.50884497
v 0.28530698 0.64337500 -0.53873099
v 0.32613002 0.65345900 -0.51809798
v 0.10882499 0.65257597 -0.52860396
v 0.12263799 0.66666396 -0.50323897
v 0.20438699 0.65786299 -0.53141398
v 0.23255399 0.67017004 -0.50884497
v 0.13633899 0.67866698 -0.48637099
v 0.44624099 0.61620196 -0.51012698
v 0.34858001 0.61184199 -0.54919997
v 0.39661002 0.61561598 -0.52944899
v -0.29239898 0.60794299 -0.50255698
v -0.18825000 0.61990897 -0.52891497
v -0.25463798 0.59176497 -0.53191001
v -0.20476900 0.63199397 -0.50304599
v -0.27628002 0.60130599 -0.51121699
v -0.09183530 0.63106799 -0.52822497
v -0.10156299 0.64454695 -0.50044398
v 0.01096370 0.63909003 -0.52869998
v 0.01478940 0.65028494 -0.50272799
v -0.20345699 0.43068896 -0.57306697
v -0.16878799 0.38553599 -0.57781199
v -0.12112200 0.35037097 -0.58168898
v -0.22243799 0.53125598 -0.56020297
v -0.22277898 0.48163298 -0.56692000
v 0.20961399 0.32763797 -0.59397498
v 0.12290399 0.31718398 -0.59197299
v 0.20961399 0.32763797 -0.59397498
v 0.27758098 0.35200198 -0.59496096
v -0.05156080 0.32898799 -0.58568598
v 0.31789199 0.39291400 -0.59630297
v 0.33897098 0.44496898 -0.59527297
v 0.34246299 0.50171099 -0.58992697
v 0.32748599 0.55599097 -0.57996897
v 0.24569198 0.62526198 -0.55824599
v 0.17765100 0.63137896 -0.55404898
v 0.17765100 0.63137896 -0.55404898
v 0.09690260 0.62316397 -0.55258898
v 0.29395898 0.59927497 -0.56794398
v -0.19992799 0.57080397 -0.55480498
v -0.14922199 0.59377398 -0.55221797
v -0.07238750 0.60359797 -0.55204001
v 0.01246140 0.61216899 -0.55229899
v 0.01544940 0.58121398 -0.57199896
v 0.01642810 0.54917697 -0.58655299
v 0.01807400 0.51435199 -0.59645896
v 0.02151430 0.47625003 -0.60279795
v 0.02635580 0.43633197 -0.60521498
v 0.03141980 0.39616897 -0.60430297
v 0.03454860 0.35675399 -0.59904696
v 0.03321400 0.31826698 -0.58908099
v 0.02817970 0.25931598 -0.56007697
v 0.03019640 0.28327098 -0.57528399
v 0.02551800 0.21605400 -0.53393397
v 0.02729000 0.24178098 -0.54828898
v 0.03623900 0.17584600 -0.51251498
v 0.04279330 0.14017600 -0.48351001
v 0.04566250 0.11412200 -0.44541499
v 0.04598880 0.09976809 -0.40090797
v -0.38787196 0.11781399 -0.10389900
v -0.31792598 0.10166599 -0.09977699
v -0.45286597 0.14501699 -0.10832599
v -0.51380397 0.18208099 -0.11130600
v -0.55417399 0.91137899 -0.15155800
v -0.49384497 0.92981092 -0.15318199
v -0.65540198 0.74790198 -0.11155800
v -0.60872897 0.85604597 -0.14223799
v -0.56485099 0.22876199 -0.11221100
v -0.67283293 0.42483897 -0.10914099
v -0.67283293 0.42483897 -0.10914099
v -0.69009299 0.51631697 -0.10622000
v -0.68880194 0.58684096 -0.10437400
v -0.67654700 0.66183699 -0.10487799
v 0.05177190 0.83006697 -0.10496699
v 0.06310090 0.84621496 -0.09590669
v 0.06037250 0.83074194 -0.16133001
v 0.07463010 0.84815695 -0.15135799
v 0.05530850 0.86667799 -0.09244429
v 0.02393140 0.90370497 -0.09856849
v 0.09919360 0.86939894 -0.19954299
v 0.07120479 0.86896193 -0.15014899
v 0.05255040 0.89820394 -0.16202001
v 0.08675250 0.89566793 -0.20993799
v 0.19171600 0.86982893 -0.27184799
v 0.13886699 0.86938498 -0.24059598
v 0.12960700 0.89423002 -0.24907798
v 0.18350099 0.89417097 -0.27972099
v 0.25980899 0.87096395 -0.28959001
v 0.25048198 0.89564596 -0.29954000
v 0.32799098 0.89715094 -0.30423299
v 0.34037200 0.87116392 -0.29028699
v 0.41363299 0.90171797 -0.28705398
v 0.42832099 0.87239393 -0.26583499
v 0.50952899 0.87314299 -0.20603799
v 0.50872798 0.90670797 -0.23645898
v -0.11298099 1.22692006 0.09696810
v -0.10492100 1.27767003 0.10446399
v -0.11604299 1.22781003 0.08684769
v -0.11102299 1.27944005 0.08415620
v -0.10977000 1.22366002 0.10688800
v -0.09859710 1.27122006 0.12423000
v -0.10665600 1.21819997 0.11586000
v -0.09246549 1.26037000 0.14211400
v -0.10376500 1.21078000 0.12344499
v -0.08680819 1.24561002 0.15727599
v -0.10123700 1.20175000 0.12930199
v -0.08186280 1.22764005 0.16894600
v -0.09918270 1.19156003 0.13314199
v -0.07789640 1.20733007 0.17663499
v -0.09772219 1.18067006 0.13480300
v -0.07493059 1.18563001 0.17971899
v -0.09687679 1.16959996 0.13418799
v -0.07334400 1.16363004 0.17845100
v -0.09670620 1.15887006 0.13134100
v -0.07308460 1.14232999 0.17273500
v -0.09723269 1.14899000 0.12635799
v -0.07418180 1.12273000 0.16273300
v -0.09858220 1.14021001 0.11890699
v -0.07699920 1.10534002 0.14786000
v -0.10142899 1.13254003 0.10708899
v -0.08277500 1.09033002 0.12472700
v -0.10722700 1.12914007 0.08718870
v -0.09357759 1.08079992 0.08542399
v -0.10438000 1.13006002 0.09675310
v -0.08849880 1.08395002 0.10418199
v -0.09049320 1.32736997 0.10981001
v -0.09956090 1.32997998 0.07962620
v -0.08111419 1.31781003 0.13910299
v -0.07203170 1.30173001 0.16560199
v -0.06366100 1.27988004 0.18807499
v -0.05640240 1.25328000 0.20546798
v -0.05058210 1.22318006 0.21696100
v -0.04648210 1.19099004 0.22202499
v -0.04422820 1.15824003 0.22023799
v -0.04397610 1.12649991 0.21184499
v -0.04562940 1.09746000 0.19687500
v -0.04970730 1.07211004 0.17389099
v -0.05830780 1.04989996 0.14022299
v -0.06720500 1.03892004 0.10976499
v -0.07014099 1.37536999 0.11298300
v -0.08204830 1.37879010 0.07336850
v -0.05785550 1.36284009 0.15137399
v -0.04595570 1.34176007 0.18611000
v -0.03498260 1.31313001 0.21555898
v -0.02546260 1.27827001 0.23835100
v -0.01784070 1.23883000 0.25341699
v -0.01246540 1.19664006 0.26006000
v -0.00958862 1.15367002 0.25795398
v -0.00932175 1.11202001 0.24701799
v -0.01156830 1.07411001 0.22697698
v -0.01719570 1.04093999 0.19680898
v -0.02856190 1.01143003 0.15319799
v -0.04012070 0.99665792 0.11321299
v -0.05874530 1.42516003 0.06547970
v -0.04417620 1.42098004 0.11395400
v -0.02916230 1.40566006 0.16087900
v -0.01460820 1.37989011 0.20334098
v -0.00119568 1.34489011 0.23933698
v 0.01043730 1.30229001 0.26719999
v 0.01975710 1.25407003 0.28561698
v 0.02632610 1.20249005 0.29372798
v 0.02984050 1.14998006 0.29116298
v 0.03012970 1.09897001 0.27802499
v 0.02722330 1.05248006 0.25381000
v 0.02003880 1.01315000 0.21490699
v 0.00690811 0.97916692 0.16320699
v -0.00806137 0.95834097 0.11364300
v -0.02998540 1.46839993 0.05607100
v -0.01296950 1.46353009 0.11269399
v 0.00455780 1.44564007 0.16747799
v 0.02154390 1.41555997 0.21703498
v 0.03720290 1.37469998 0.25905898
v 0.05078580 1.32497006 0.29158498
v 0.06166260 1.26869000 0.31307899
v 0.06933640 1.20848005 0.32255500
v 0.07342900 1.14718000 0.31955198
v 0.07377010 1.08764005 0.30421899
v 0.07025570 1.03335004 0.27592698
v 0.06159580 0.98814596 0.22921699
v 0.04673020 0.94868795 0.16905698
v 0.02738640 0.92577795 0.10975000
v 0.00380890 1.50788998 0.04528330
v 0.02301940 1.50239010 0.10923099
v 0.04280810 1.48219998 0.17106599
v 0.06198140 1.44825009 0.22700698
v 0.07964959 1.40213010 0.27444398
v 0.09498230 1.34600003 0.31115199
v 0.10726800 1.28245999 0.33541900
v 0.11592001 1.21449994 0.34610999
v 0.12054700 1.14531003 0.34272197
v 0.12093199 1.07809995 0.32541698
v 0.11699500 1.01628004 0.29449199
v 0.10746099 0.96473898 0.24172399
v 0.04214080 1.54305004 0.03326480
v 0.06327140 1.53699994 0.10360400
v 0.08503230 1.51480999 0.17159299
v 0.10611100 1.47749005 0.23310199
v 0.12553699 1.42676999 0.28525400
v 0.14239699 1.36505002 0.32561698
v 0.15590500 1.29519010 0.35230098
v 0.16541799 1.22048001 0.36405299
v 0.17050399 1.14439000 0.36033099
v 0.17091899 1.07049993 0.34130599
v 0.16658899 1.00258001 0.30739999
v 0.15723300 0.94727896 0.25791000
v 0.08445400 1.57338009 0.02020820
v 0.10720099 1.56687008 0.09590790
v 0.13060799 1.54299008 0.16905698
v 0.15328799 1.50283001 0.23522899
v 0.17418899 1.44827008 0.29134799
v 0.19233200 1.38186002 0.33477397
v 0.20685600 1.30669995 0.36348098
v 0.21710298 1.22631002 0.37612300
v 0.22257499 1.14445005 0.37211898
v 0.22301898 1.06495000 0.35164798
v 0.21825899 0.99220892 0.31488799
v 0.20825000 0.93398496 0.26596198
v 0.13013300 1.59842007 0.00628418
v 0.15416299 1.59154003 0.08624710
v 0.17887498 1.56633007 0.16348899
v 0.20283000 1.52392010 0.23336898
v 0.22490299 1.46631009 0.29262298
v 0.24405399 1.39618008 0.33848098
v 0.25939399 1.31682004 0.36879001
v 0.27021098 1.23193006 0.38215098
v 0.27598699 1.14549001 0.37791698
v 0.27646098 1.06153005 0.35629699
v 0.27156099 0.98420194 0.31806899
v 0.26202598 0.92335295 0.26794898
v 0.17851200 1.61781002 -0.00829224
v 0.20346799 1.61066998 0.07475489
v 0.22913599 1.58449002 0.15497000
v 0.25401100 1.54045010 0.22753398
v 0.27692899 1.48063000 0.28907199
v 0.29681398 1.40779996 0.33668597
v 0.31274698 1.32538999 0.36816798
v 0.32397197 1.23724004 0.38203197
v 0.33037799 1.14732000 0.37777598
v 0.33139400 1.06004003 0.35551097
v 0.32586299 0.97969396 0.31591899
v 0.31965001 0.91373693 0.26229898
v 0.25469999 1.63494000 -0.03093540
v 0.28031700 1.62760998 0.05432130
v 0.30665199 1.60074002 0.13662699
v 0.33218002 1.55556012 0.21109600
v 0.35569797 1.49415997 0.27423599
v 0.37610900 1.41943005 0.32310298
v 0.39245799 1.33486997 0.35540797
v 0.40377898 1.24439992 0.36893100
v 0.41077800 1.15182004 0.36364497
v 0.41368499 1.06251005 0.34344100
v 0.40571399 0.98012396 0.30096399
v 0.39483001 0.90842794 0.24586898
v 0.33264697 1.63969998 -0.05380110
v 0.35818099 1.63241009 0.03116650
v 0.38442000 1.60564007 0.11317599
v 0.40985198 1.56062008 0.18737001
v 0.45560496 1.50163998 0.24153900
v 0.46959597 1.43512005 0.28531299
v 0.48773097 1.36143002 0.30983899
v 0.48127299 1.25112004 0.34169799
v 0.49529399 1.16289006 0.34246898
v 0.49917899 1.07113004 0.32426002
v 0.48689299 0.98820593 0.27825399
v 0.47224299 0.91628004 0.22178001
v 0.38453197 1.63454998 -0.06882240
v 0.40950297 1.62742001 0.01429160
v 0.43517097 1.60122998 0.09450650
v 0.47796698 1.55173001 0.17390600
v 0.53191298 1.29392011 0.30460498
v 0.57443396 1.20187001 0.30353000
v 0.57755496 1.08881002 0.29197099
v 0.56501002 1.00349004 0.24890098
v 0.54440596 0.93489698 0.18651001
v 0.43540099 1.62322003 -0.08341369
v 0.45945296 1.61635998 -0.00335434
v 0.50415397 1.58124005 0.09951859
v 0.48452098 1.60589001 -0.09734509
v 0.50730498 1.59939007 -0.02151190
v 0.54318198 1.57614010 0.06231380
v 0.63910098 1.10059995 0.24722598
v 0.63803298 1.19565000 0.25386098
v 0.62901003 1.02218999 0.20902700
v 0.60767897 0.96087599 0.14705899
v 0.53117099 1.58279995 -0.11041599
v 0.55234698 1.57675000 -0.03992150
v 0.58189997 1.55872006 0.02807480
v 0.67296896 1.19573003 0.21035499
v 0.67753699 1.11249998 0.20004900
v 0.67373297 1.03919996 0.17145898
v 0.65043005 0.98140699 0.11522199
v 0.57467097 1.55428997 -0.12245001
v 0.59394000 1.54879010 -0.05831630
v 0.62191496 1.52982006 0.00103493
v 0.70807600 1.12269002 0.15649001
v 0.69697699 1.19848005 0.16597299
v 0.70441298 1.06038999 0.12896800
v 0.68544699 1.00725004 0.08199130
v 0.61438197 1.52077008 -0.13326000
v 0.63145697 1.51589993 -0.07642200
v 0.65779997 1.49426999 -0.02043680
v 0.72821295 1.19940999 0.10915700
v 0.72993300 1.13559995 0.10189899
v 0.72609297 1.09123006 0.07230090
v 0.71650595 1.04986005 0.00684029
v 0.66336096 0.95235792 0.00153168
v 0.71420798 1.02691999 -0.05936920
v 0.64352698 0.94804296 -0.12505199
v 0.60036898 0.91403295 -0.11082399
v 0.62305697 0.92587393 0.02931300
v 0.66115797 1.46314007 -0.14556000
v 0.67630598 1.45656003 -0.08873709
v 0.68937003 1.44641003 -0.04731360
v 0.67967894 1.43189007 -0.15023100
v 0.69843001 1.41836011 -0.09308189
v 0.69991293 1.40169003 -0.15543600
v 0.71876005 1.38749005 -0.09690770
v -0.11375899 1.17634000 0.08778180
v 0.61768897 1.38738003 0.16951700
v 0.63450396 1.40109006 0.15299800
v 0.60765696 1.40445004 0.16664798
v 0.62354598 1.41447003 0.15187799
v 0.59612795 1.39749997 0.17589300
v 0.60562598 1.37576001 0.18003799
v 0.60119197 1.42066006 0.15982599
v 0.59179003 1.41814999 0.16543899
v 0.61447096 1.42587002 0.14915001
v 0.64106596 1.35619992 0.16420099
v 0.65590895 1.37242001 0.14984699
v 0.62941798 1.37100003 0.16873800
v 0.64568495 1.38672009 0.15216699
v 0.61745799 1.35583005 0.17821399
v 0.63038096 1.33984006 0.17145198
v 0.65946005 1.33389996 0.14722199
v 0.66799399 1.34635007 0.14132800
v 0.65115698 1.34361005 0.15649699
v 0.66346396 1.35861005 0.14596900
v 0.64336394 1.32866010 0.16125000
v 0.65423300 1.32096997 0.14909099
v 0.67388899 1.33650998 0.13198600
v 0.66949194 1.33714002 0.13816899
v 0.67290297 1.32939008 0.12865699
v 0.66604399 1.32831998 0.13803599
v 0.66369399 1.31790997 0.13673799
v 0.67215399 1.32019010 0.12445300
v 0.67965697 1.32894009 0.11315400
v 0.68515097 1.34305997 0.10324799
v 0.67909399 1.33728009 0.12053799
v 0.68279295 1.35009000 0.11495499
v 0.67790694 1.34283002 0.12741899
v 0.67741003 1.35282010 0.12872300
v 0.66885397 1.38187009 0.12969499
v 0.67491194 1.36673001 0.12925699
v 0.67763297 1.38355008 0.10799300
v 0.68246001 1.36622006 0.11073600
v 0.68673796 1.36094006 0.09514419
v 0.68288199 1.38059003 0.08965760
v 0.64818396 1.41126004 0.13151899
v 0.65943800 1.39693005 0.13034699
v 0.65651694 1.41685010 0.10915700
v 0.66872099 1.40078000 0.10735499
v 0.67361494 1.40038998 0.08784850
v 0.66014998 1.41892010 0.09061399
v 0.62522898 1.43342999 0.13249699
v 0.63609095 1.42365002 0.13230499
v 0.62861002 1.43967007 0.11734299
v 0.64259299 1.43014996 0.11263400
v 0.64419394 1.43374005 0.09696810
v 0.62783099 1.44363003 0.10597600
v 0.61067397 1.43946011 0.13853300
v 0.61784396 1.44005002 0.13140699
v 0.60611498 1.44197003 0.13617499
v 0.61620497 1.44400998 0.12439299
v 0.61321799 1.44772000 0.11768399
v 0.60109599 1.44464001 0.13340899
v 0.60036097 1.43344998 0.14940200
v 0.60802798 1.43341000 0.14688100
v 0.59331797 1.43456998 0.15078799
v 0.59954596 1.37579007 0.21202299
v 0.61527197 1.34531003 0.20655099
v 0.60463896 1.37464001 0.20042001
v 0.61876296 1.34831006 0.19588199
v 0.63584597 1.33449002 0.17779800
v 0.62216696 1.35129987 0.18520500
v 0.63484496 1.32857007 0.18767398
v 0.60595896 1.48729001 0.14562799
v 0.59505198 1.47331006 0.17314199
v 0.60747897 1.47029995 0.14116500
v 0.59764796 1.45792004 0.16509800
v 0.59600196 1.42393002 0.17393600
v 0.60023497 1.44253003 0.15706099
v 0.59193099 1.43585004 0.18438200
v 0.58786097 1.44777005 0.19483598
v 0.58832797 1.41204007 0.20805599
v 0.59408099 1.40566006 0.19662300
v 0.60973296 1.37349988 0.18882398
v 0.59983496 1.39926999 0.18519001
v 0.65369894 1.30706006 0.18630298
v 0.65165297 1.31503003 0.17696100
v 0.63364398 1.32244000 0.19779499
v 0.66137297 1.31523007 0.15497000
v 0.64925795 1.32279996 0.16792299
v 0.66574004 1.30654004 0.16177599
v 0.67012198 1.29764005 0.16879799
v 0.68304495 1.29387006 0.14755600
v 0.67742598 1.30322003 0.14385600
v 0.67177596 1.31236005 0.14017899
v 0.68097701 1.31471997 0.12480099
v 0.68798300 1.30581006 0.12526100
v 0.68904395 1.32335004 0.10992800
v 0.69823004 1.31736005 0.10689600
v 0.69534499 1.33885007 0.09648619
v 0.70620695 1.33635999 0.08998380
v 0.70757094 1.31098996 0.10312899
v 0.69504897 1.29704999 0.12573499
v 0.71439299 1.36083997 0.06665860
v 0.70648894 1.35976010 0.07708299
v 0.71580099 1.33393002 0.08204320
v 0.69769598 1.35952008 0.08506820
v 0.69423300 1.38273007 0.07761689
v 0.70030600 1.38529004 0.06878650
v 0.69183798 1.41704007 0.05630080
v 0.68791594 1.41109006 0.06627300
v 0.70615500 1.38855008 0.05834720
v 0.68379393 1.40573010 0.07558530
v 0.66835799 1.42631009 0.07995240
v 0.67079001 1.43509991 0.07137410
v 0.65220900 1.46715008 0.07638610
v 0.65104598 1.45464001 0.08283649
v 0.67319197 1.44395001 0.06276610
v 0.64987395 1.44212002 0.08928699
v 0.63339896 1.45241009 0.10190599
v 0.63408099 1.46812008 0.09842860
v 0.61952696 1.49098004 0.11815799
v 0.61974196 1.47354001 0.11783899
v 0.63475596 1.48383008 0.09495149
v 0.61995696 1.45611004 0.11751300
v 0.60899897 1.45329999 0.13670099
v 0.64193999 1.32051999 0.16366699
v 0.65384795 1.31323010 0.15030599
v 0.64193999 1.32051999 0.16366699
v 0.62819499 1.33184003 0.17464000
v 0.59207198 1.39484997 0.18062299
v 0.60165896 1.37059994 0.18457500
v 0.59207198 1.39484997 0.18062299
v 0.58806098 1.41770001 0.16843399
v 0.61412196 1.34887006 0.18194299
v 0.62819499 1.33184003 0.17464000
v 0.61412196 1.34887006 0.18194299
v 0.60165896 1.37059994 0.18457500
v 0.66408698 1.31047009 0.13613001
v 0.67310294 1.31311002 0.12187299
v 0.66408698 1.31047009 0.13613001
v 0.65384795 1.31323010 0.15030599
v 0.59041098 1.43572003 0.15167800
v 0.58806098 1.41770001 0.16843399
v 0.59041098 1.43572003 0.15167800
v 0.59899699 1.44627011 0.13209699
v 0.68694495 1.33697003 0.09630080
v 0.68082098 1.32189008 0.10829000
v 0.68082098 1.32189008 0.10829000
v 0.67310294 1.31311002 0.12187299
v 0.59899699 1.44627011 0.13209699
v 0.61149001 1.44974011 0.11425799
v 0.61149001 1.44974011 0.11425799
v 0.62677897 1.44573010 0.10013400
v 0.68594397 1.37783002 0.07941850
v 0.68954794 1.35624005 0.08616549
v 0.68954794 1.35624005 0.08616549
v 0.68694495 1.33697003 0.09630080
v 0.62677897 1.44573010 0.10013400
v 0.64389800 1.43534009 0.08864930
v 0.64389800 1.43534009 0.08864930
v 0.66137297 1.41971997 0.08032300
v 0.66137297 1.41971997 0.08032300
v 0.67580100 1.39948010 0.07729060
v 0.67580100 1.39948010 0.07729060
v 0.68594397 1.37783002 0.07941850
v 0.64193999 1.32051999 0.16366699
v 0.65384795 1.31323010 0.15030599
v 0.64193999 1.32051999 0.16366699
v 0.62819499 1.33184003 0.17464000
v 0.59207198 1.39484997 0.18062299
v 0.60165896 1.37059994 0.18457500
v 0.58806098 1.41770001 0.16843399
v 0.59207198 1.39484997 0.18062299
v 0.62819499 1.33184003 0.17464000
v 0.61412196 1.34887006 0.18194299
v 0.60165896 1.37059994 0.18457500
v 0.61412196 1.34887006 0.18194299
v 0.66408698 1.31047009 0.13613001
v 0.67310294 1.31311002 0.12187299
v 0.65384795 1.31323010 0.15030599
v 0.66408698 1.31047009 0.13613001
v 0.58806098 1.41770001 0.16843399
v 0.59041098 1.43572003 0.15167800
v 0.59899699 1.44627011 0.13209699
v 0.59041098 1.43572003 0.15167800
v 0.68082098 1.32189008 0.10829000
v 0.68694495 1.33697003 0.09630080
v 0.67310294 1.31311002 0.12187299
v 0.68082098 1.32189008 0.10829000
v 0.59899699 1.44627011 0.13209699
v 0.61149001 1.44974011 0.11425799
v 0.62677897 1.44573010 0.10013400
v 0.61149001 1.44974011 0.11425799
v 0.68954794 1.35624005 0.08616549
v 0.68594397 1.37783002 0.07941850
v 0.68694495 1.33697003 0.09630080
v 0.68954794 1.35624005 0.08616549
v 0.62677897 1.44573010 0.10013400
v 0.64389800 1.43534009 0.08864930
v 0.66137297 1.41971997 0.08032300
v 0.64389800 1.43534009 0.08864930
v 0.66137297 1.41971997 0.08032300
v 0.67580100 1.39948010 0.07729060
v 0.68594397 1.37783002 0.07941850
v 0.67580100 1.39948010 0.07729060
v 0.71747694 1.30025006 0.09567059
v 0.72523299 1.32982999 0.06708110
v 0.70304900 1.28193997 0.12729999
v 0.72117697 1.36319989 0.04772990
v 0.70887595 1.39701001 0.03884770
v 0.62354598 1.31157010 0.22754098
v 0.59293196 1.34201001 0.23821699
v 0.57323199 1.38167996 0.24474899
v 0.65080100 1.49359005 0.05971880
v 0.62685198 1.51575009 0.08163540
v 0.67392600 1.46279004 0.04413410
v 0.56008696 1.47327008 0.21699001
v 0.56945899 1.50409008 0.18539798
v 0.58535498 1.52152005 0.14789699
v 0.56130297 1.42947003 0.23792798
v 0.67416296 1.28203000 0.18573200
v 0.65213500 1.29283002 0.20990200
v 0.68956198 1.27783002 0.15798799
v 0.69298796 1.42988003 0.03695710
v 0.60547003 1.52609997 0.11186299
v 0.72602598 1.27566007 0.08475679
v 0.72953299 1.31626004 0.04334820
v 0.71359198 1.25339994 0.12609899
v 0.72396498 1.36096997 0.01704970
v 0.70895796 1.40288007 0.00800430
v 0.56524699 1.32614011 0.27694898
v 0.60414198 1.28484998 0.25347598
v 0.53356597 1.37368008 0.28099000
v 0.63692896 1.51685009 0.03087740
v 0.60178496 1.54454007 0.05656040
v 0.66852095 1.48152005 0.01546310
v 0.52022002 1.53008999 0.18930500
v 0.50459899 1.49321011 0.23457000
v 0.54477698 1.55189999 0.14095699
v 0.51124896 1.44226010 0.26835599
v 0.63986498 1.26508000 0.22515399
v 0.66808295 1.25609998 0.19637899
v 0.69220198 1.25238004 0.16534999
v 0.69054098 1.44316998 0.00692924
v 0.57218699 1.55661007 0.09561129
v 0.73955000 1.29872006 0.00956131
v 0.73822195 1.24051000 0.06887540
v 0.72930296 1.35432004 -0.03253690
v 0.71124899 1.40238003 -0.03872040
v 0.75920500 1.17527005 -0.09426070
v 0.76164396 1.16572004 -0.08831449
v 0.74963293 1.16553006 -0.09738950
v 0.75971594 1.16037000 -0.09923569
v 0.75084898 1.16366002 -0.09041269
v 0.74676298 1.17226003 -0.13302299
v 0.75418493 1.15882001 -0.13851599
v 0.74041693 1.17157003 -0.16159700
v 0.74865393 1.15813001 -0.16399900
v 0.75705397 1.15895002 -0.11708899
v 0.74751196 1.16959996 -0.11252200
v 0.76048796 1.19438001 -0.12662399
v 0.75744002 1.18732000 -0.10871099
v 0.77820700 1.21529004 -0.17392700
v 0.78798002 1.21528005 -0.13656699
v 0.75045599 1.19162000 -0.16437000
v 0.78170698 1.27109998 -0.04458510
v 0.76610693 1.27495000 -0.03813470
v 0.76964400 1.22205007 0.02943160
v 0.75626898 1.21857000 0.03657150
v 0.74987005 1.20808004 0.06200240
v 0.75225798 1.28379987 -0.02755450
v 0.72503195 1.08223005 -0.02094840
v 0.73043005 1.06875005 -0.10314299
v 0.75835898 1.08157003 -0.04455550
v 0.75871496 1.07338003 -0.10998600
v 0.75206496 1.06524999 -0.16276899
v 0.72320097 1.05968999 -0.15264100
v 0.73043005 1.06875005 -0.10314299
v 0.75654295 1.31456998 -0.07418289
v 0.75225798 1.28379987 -0.02755450
v 0.74294493 1.31787000 -0.06838490
v 0.74174399 1.34769009 -0.11958799
v 0.74294493 1.31787000 -0.06838490
v 0.73008894 1.34723004 -0.11626599
v 0.75989393 1.34176007 -0.12440699
v 0.77667296 1.30919995 -0.07972130
v 0.81766600 1.27621007 -0.05913930
v 0.79950895 1.27383000 -0.05126540
v 0.81597593 1.22873006 0.00828606
v 0.79595694 1.22783002 0.01996350
v 0.76423895 1.17364003 0.07496990
v 0.79498594 1.17656003 0.06729630
v 0.76634497 1.20205007 0.06077160
v 0.79609793 1.20359998 0.04886430
v 0.82187697 1.17111005 0.04666230
v 0.82391699 1.19936002 0.03281250
v 0.79546797 1.14305005 0.05906630
v 0.76680395 1.14045003 0.07197460
v 0.78347899 1.08471006 -0.05800490
v 0.79032194 1.10008001 0.01659740
v 0.76437300 1.09876005 0.03385050
v 0.81461195 1.10902006 -0.00296883
v 0.80725599 1.08785001 -0.07129130
v 0.78012793 1.07635000 -0.12021100
v 0.80116896 1.08117002 -0.13623299
v 0.77347693 1.06901006 -0.16910799
v 0.79863394 1.07308004 -0.17655199
v 0.77846693 1.33564008 -0.12945599
v 0.79526793 1.30758008 -0.08477790
v 0.80125097 1.32842008 -0.13580299
v 0.81335096 1.30611005 -0.09062030
v 0.83507498 1.17685003 0.02468640
v 0.83483000 1.16148999 0.02628790
v 0.83001097 1.14026006 0.03503680
v 0.90378294 1.10634000 -0.09157679
v 0.91761000 1.08672002 -0.14126000
v 0.91170896 1.12257001 -0.10118600
v 0.92426092 1.11042005 -0.14802199
v 0.89261000 1.07896001 -0.12782499
v 0.88858396 1.09104001 -0.09271860
v 0.92126592 1.09889005 -0.18008098
v 0.91317694 1.07267004 -0.17678899
v 0.91386694 1.09457006 -0.21101299
v 0.90470198 1.07066999 -0.20735099
v 0.88300093 1.06163999 -0.20080398
v 0.88976293 1.06666006 -0.16745498
v 0.94397596 1.38398999 -0.17175499
v 0.94352293 1.35803998 -0.11370100
v 0.96098394 1.36788998 -0.17483200
v 0.96179899 1.34037000 -0.11488700
v 0.93884496 1.31645001 -0.07454620
v 0.95403692 1.29402005 -0.07581400
v 0.79199003 1.16397001 -0.07748220
v 0.78983297 1.18659002 -0.09336360
v 0.81969793 1.17706006 -0.06576030
v 0.82340498 1.19579000 -0.09265930
v 0.82386496 1.15792005 -0.03399750
v 0.81623495 1.16026006 -0.05372690
v 0.78273695 1.15773000 -0.09791600
v 0.80841299 1.15369001 -0.09653689
v 0.79869299 1.14493001 -0.14893399
v 0.77415999 1.15064000 -0.14395899
v 0.80317099 1.14815000 -0.12481499
v 0.77809599 1.15265004 -0.12080399
v 0.76832396 1.14944005 -0.16959699
v 0.79299093 1.14295003 -0.17659599
v 0.83183493 1.23375005 -0.00566017
v 0.83537199 1.28009992 -0.06785110
v 0.84827192 1.29209989 -0.07480570
v 0.85262495 1.24587003 -0.01810870
v 0.83537199 1.16896001 -0.03097250
v 0.84131796 1.18571004 -0.06361010
v 0.85745092 1.17806005 -0.03525790
v 0.86268599 1.19313001 -0.06658330
v 0.84770094 1.20477002 -0.09373440
v 0.86823194 1.21414006 -0.09527650
v 0.83388098 1.17034002 -0.00322830
v 0.85715498 1.17814000 -0.01098360
v 0.82875097 1.15658002 -0.00544518
v 0.82833593 1.16065000 -0.00243500
v 0.84037596 1.18309995 0.01248990
v 0.85909697 1.18886007 0.00325172
v 0.85071196 1.23225003 -0.11870599
v 0.82480597 1.22049993 -0.11595500
v 0.87118193 1.24405004 -0.12001799
v 0.84645597 1.24017003 -0.15155100
v 0.86441298 1.24909993 -0.15605099
v 0.82475393 1.23009992 -0.14510799
v 0.88819097 1.28275006 -0.04566760
v 0.90195898 1.30708005 -0.06465550
v 0.87199003 1.31775998 -0.09160640
v 0.88099897 1.33229001 -0.10200900
v 0.88751593 1.34415997 -0.11109899
v 0.91196798 1.33419003 -0.09010130
v 0.92289694 1.23818006 -0.07202530
v 0.91807005 1.24332006 -0.09033860
v 0.94251493 1.26991002 -0.09626260
v 0.93424093 1.26819997 -0.10893400
v 0.91566099 1.25300000 -0.11051300
v 0.92775297 1.26838002 -0.11877200
v 0.89956396 1.23624005 -0.10279500
v 0.89939398 1.22249997 -0.07900220
v 0.90100294 1.21341001 -0.05788630
v 0.90480596 1.21459005 -0.04055920
v 0.92970297 1.24047002 -0.05590670
v 0.90812796 1.22536000 -0.02937100
v 0.93442594 1.25358007 -0.04555640
v 0.95053694 1.27861005 -0.08420700
v 0.86606695 1.33598004 -0.11528800
v 0.87554197 1.34782010 -0.12309499
v 0.85946005 1.34022000 -0.15369400
v 0.86872793 1.35107999 -0.15851299
v 0.88570692 1.35852002 -0.12925600
v 0.88021299 1.36327008 -0.16405899
v 0.91394003 1.27808003 -0.13294800
v 0.89820692 1.26465001 -0.12637199
v 0.92911695 1.28816998 -0.13911699
v 0.90975195 1.28478009 -0.16888500
v 0.92843595 1.30018002 -0.17535799
v 0.89292799 1.26974004 -0.16356899
v 0.91542394 1.36545010 -0.12259100
v 0.91310293 1.38581998 -0.16933000
v 0.94089094 1.29464002 -0.13832399
v 0.94371595 1.31254010 -0.17944299
v 0.95040396 1.30344006 -0.13294100
v 0.95396192 1.32764005 -0.17879798
v 0.82929899 1.09010999 -0.08362130
v 0.83690596 1.11069997 -0.02074820
v 0.85739195 1.10723005 -0.03636270
v 0.84831694 1.08856000 -0.09638119
v 0.83692900 1.13909002 0.00096817
v 0.85670195 1.13376005 -0.02092620
v 0.83964193 1.14926999 -0.00734322
v 0.86013494 1.14746000 -0.02767310
v 0.83640196 1.15586004 -0.06229780
v 0.83226500 1.15122007 -0.10341699
v 0.85180899 1.14135000 -0.13576600
v 0.82737196 1.14618001 -0.13032400
v 0.85532293 1.14683004 -0.10762899
v 0.82229193 1.08145002 -0.14018499
v 0.84151098 1.07994001 -0.14624200
v 0.81866003 1.06977003 -0.18232000
v 0.83594999 1.07064001 -0.18727298
v 0.82262594 1.14107999 -0.15381199
v 0.81826696 1.13709005 -0.18317298
v 0.84669294 1.13829992 -0.16020300
v 0.84113195 1.13461004 -0.18987499
v 0.86579199 1.08162000 -0.11060899
v 0.87563093 1.10072004 -0.06375840
v 0.88159994 1.12314000 -0.05206610
v 0.88659697 1.13949994 -0.05643310
v 0.88535093 1.13906003 -0.14361001
v 0.88216299 1.14084005 -0.11246299
v 0.85396696 1.06488004 -0.19240400
v 0.85947493 1.07439001 -0.15359699
v 0.88257795 1.13456006 -0.17112499
v 0.87599394 1.13172002 -0.20064100
v 0.83116797 1.30614011 -0.09816069
v 0.84492895 1.31425000 -0.10288399
v 0.82056494 1.32387998 -0.14158600
v 0.83944197 1.32484998 -0.14639800
v 0.87888594 1.25817006 -0.15958099
v 0.88523298 1.25332006 -0.12228699
v 0.88471395 1.22412000 -0.09790860
v 0.90737097 1.25097005 -0.02536730
v 0.88559599 1.22718000 -0.00990116
v 0.88442396 1.20148000 -0.01065000
v 0.85999495 1.21323003 0.00560211
v 0.87210897 1.26227002 -0.03033490
v 0.86109900 1.30434003 -0.08260549
v 0.87834494 1.18872007 -0.04425150
v 0.88123594 1.20568006 -0.07143220
v 0.92409796 1.28085004 -0.04465930
v 0.83742598 1.20625005 0.01775410
v 0.74367193 1.17295003 0.07880309
v 0.74987005 1.20808004 0.06200240
v 0.80160696 1.12304006 0.04146490
v 0.73008894 1.34723004 -0.11626599
v 0.71660895 1.36111005 -0.15935799
v 0.72851698 1.36463010 -0.16452600
v 0.74356795 1.35883008 -0.16717300
v 0.76621100 1.35167996 -0.17361599
v 0.78961096 1.34305005 -0.18024398
v 0.81074896 1.33559995 -0.18623499
v 0.82952894 1.33126004 -0.19161800
v 0.85141600 1.33114011 -0.14989699
v 0.84125898 1.33478009 -0.19512498
v 0.84924398 1.34247998 -0.19763799
v 0.85794096 1.35221997 -0.20040399
v 0.86989996 1.36683011 -0.20423700
v 0.90494696 1.39433011 -0.21511400
v 0.93713293 1.39447003 -0.22450698
v 0.96088003 1.34721005 -0.17636600
v 0.95597196 1.36005002 -0.22920099
v 0.95499395 1.38023007 -0.22939298
v 0.94996694 1.33967999 -0.22696899
v 0.93796293 1.32208997 -0.22305398
v 0.92095495 1.30536008 -0.21770099
v 0.90125494 1.28604001 -0.21149499
v 0.88363798 1.26832006 -0.20594200
v 0.87019697 1.25694005 -0.20174499
v 0.85659895 1.24959996 -0.19760799
v 0.83771399 1.24169004 -0.19190698
v 0.81453695 1.23062001 -0.18488498
v 0.91635694 1.11579992 -0.17937700
v 0.91896002 1.12486005 -0.14915599
v 0.90918096 1.11196004 -0.21008699
v 0.84297094 1.15519002 -0.02501140
v 0.82997397 1.15277005 0.01767250
v 0.86280493 1.15188001 -0.04500030
v 0.85751005 1.15129003 -0.07313010
v 0.88583296 1.14451001 -0.06971950
v 0.87628393 1.14616002 -0.08447389
v 0.88082792 1.18976003 -0.02261660
v 0.90923292 1.13198003 -0.10813300
v 0.95835897 1.31912000 -0.12439999
v 0.74987005 1.20808004 0.06200240
v 0.78526594 1.20452001 -0.11378299
v 0.85732496 1.32479001 -0.10780699
v 0.71329497 1.37732007 -0.15876499
v 0.72974798 1.36288007 -0.10684299
v 0.71660895 1.36111005 -0.15935799
v 0.73008894 1.34723004 -0.11626599
v 0.74158095 1.33103009 -0.05276310
v 0.75210898 1.28825009 -0.01400120
v 0.75073004 1.22123006 0.06211360
v 0.75225798 1.28379987 -0.02755450
v 0.74987005 1.20808004 0.06200240
v 0.74290098 1.18616002 0.08838239
v 0.74008299 1.14133001 0.07993009
v 0.73459700 1.10347005 0.04918320
v 0.73995001 1.14289998 0.06999500
v 0.73114195 1.10849996 0.03562990
v 0.71396300 1.04177000 -0.15109899
v 0.72784193 1.05382001 -0.07258139
v 0.69456000 1.00727003 -0.14469999
v 0.74367193 1.17295003 0.07880309
v 0.73995001 1.14289998 0.06999500
v 0.72503195 1.08223005 -0.02094840
v 0.73114195 1.10849996 0.03562990
v 0.72819800 1.06929998 -0.00967873
v 0.73114195 1.10849996 0.03562990
v 0.73995001 1.14289998 0.06999500
v 0.73043005 1.06875005 -0.10314299
v 0.72320097 1.05968999 -0.15264100
v 0.73008894 1.34723004 -0.11626599
v 0.74294493 1.31787000 -0.06838490
v 0.74294493 1.31787000 -0.06838490
v 0.75225798 1.28379987 -0.02755450
v 0.74987005 1.20808004 0.06200240
v 0.74367193 1.17295003 0.07880309
v 0.74367193 1.17295003 0.07880309
v 0.73995001 1.14289998 0.06999500
v 0.73114195 1.10849996 0.03562990
v 0.72503195 1.08223005 -0.02094840
v 0.72503195 1.08223005 -0.02094840
v 0.73043005 1.06875005 -0.10314299
v 0.82455397 1.13289998 0.02181710
v 0.79572004 1.11521001 0.03264200
v -0.11677700 1.27672002 0.06385599
v -0.11892000 1.22645002 0.07672710
v -0.12198899 1.26934003 0.04408960
v -0.12152899 1.22273999 0.06679950
v -0.12630399 1.25765004 0.02619900
v -0.12364299 1.21685002 0.05780590
v -0.12951400 1.24219007 0.01102940
v -0.12534000 1.20909002 0.05018400
v -0.13146499 1.22369001 -0.00071487
v -0.12626000 1.19978002 0.04428980
v -0.13207200 1.20301000 -0.00848503
v -0.12646001 1.18938001 0.04040470
v -0.13124200 1.18113004 -0.01188080
v -0.12595600 1.17839994 0.03871420
v -0.12899600 1.15909993 -0.01073890
v -0.12477699 1.16734006 0.03928510
v -0.12295299 1.15674001 0.04208030
v -0.12543699 1.13798002 -0.00511894
v -0.12059499 1.14707006 0.04700330
v -0.12080299 1.11876005 0.00468269
v -0.11513099 1.10201002 0.01906640
v -0.11765899 1.13862005 0.05433610
v -0.10727899 1.08684003 0.04355580
v -0.11355200 1.13133001 0.06633240
v -0.10165199 1.08262006 0.06215820
v -0.11073399 1.12965001 0.07576320
v -0.10810899 1.32596005 0.04945010
v -0.11584300 1.31501996 0.02015630
v -0.12222600 1.29769010 -0.00634972
v -0.12697900 1.27479001 -0.02882980
v -0.12987000 1.24738004 -0.04623110
v -0.13076799 1.21674001 -0.05774540
v -0.12963299 1.18431005 -0.06282420
v -0.12650399 1.15159993 -0.06123760
v -0.12149199 1.12018003 -0.05300770
v -0.11462700 1.09168004 -0.03839420
v -0.10636000 1.06694005 -0.01743400
v -0.09450439 1.04401006 0.01954090
v -0.08620029 1.03705000 0.04738890
v -0.09327360 1.37352002 0.03376150
v -0.10340099 1.35919003 -0.00462959
v -0.11177199 1.33648007 -0.03937290
v -0.11800000 1.30646008 -0.06882980
v -0.12179599 1.27054006 -0.09163600
v -0.12296799 1.23039006 -0.10671699
v -0.12147699 1.18789006 -0.11337499
v -0.11738499 1.14502004 -0.11129900
v -0.11088300 1.10379003 -0.10057799
v -0.10188100 1.06649000 -0.08128569
v -0.09113829 1.03415006 -0.05394930
v -0.07560530 1.00492002 -0.00627556
v -0.06451350 0.99499006 0.02950570
v -0.07247650 1.41870999 0.01701260
v -0.08485840 1.40119000 -0.02991970
v -0.09509001 1.37344006 -0.07238119
v -0.10270400 1.33674008 -0.10839200
v -0.10733900 1.29283002 -0.13627001
v -0.10877700 1.24375005 -0.15470199
v -0.10695300 1.19179006 -0.16284299
v -0.10194799 1.13939992 -0.16029998
v -0.09380000 1.08916006 -0.14692400
v -0.08240419 1.04409994 -0.12257600
v -0.06811690 1.00549993 -0.08658700
v -0.05068600 0.97208692 -0.03469450
v -0.03731810 0.95696897 0.00985786
v -0.04602980 1.46087002 -0.00054435
v -0.06048020 1.44042004 -0.05532840
v -0.07243210 1.40801999 -0.10489300
v -0.08131440 1.36519009 -0.14693199
v -0.08672669 1.31393002 -0.17947300
v -0.08840239 1.25664006 -0.20099699
v -0.08627439 1.19599004 -0.21049400
v -0.08043179 1.13482000 -0.20752899
v -0.07086030 1.07625005 -0.19175899
v -0.05779630 1.02353002 -0.16357700
v -0.04126980 0.97822599 -0.12276899
v -0.01884900 0.93953092 -0.06385480
v -0.00481384 0.91817793 -0.00502998
v -0.01431150 1.49939007 -0.01865740
v -0.03062300 1.47631009 -0.08049240
v -0.04410950 1.43974011 -0.13644099
v -0.05414110 1.39139004 -0.18389200
v -0.06025040 1.33353009 -0.22062198
v -0.06214110 1.26886006 -0.24491899
v -0.05973880 1.20039998 -0.25564001
v -0.05314010 1.13135999 -0.25228898
v -0.04253770 1.06509000 -0.23477600
v -0.02814670 1.00514005 -0.20357700
v -0.00857285 0.95387792 -0.15924699
v 0.00442429 0.91509298 0.02820080
v 0.02221120 1.53370999 -0.03705960
v 0.00427597 1.50831997 -0.10504900
v -0.01055250 1.46812008 -0.16656499
v -0.02158490 1.41495999 -0.21873899
v -0.02829480 1.35134000 -0.25912399
v -0.03037830 1.28023999 -0.28583799
v -0.02773130 1.20497007 -0.29762698
v -0.02048770 1.12906003 -0.29394199
v -0.00897324 1.05606000 -0.27495399
v 0.00658188 0.98995496 -0.24111499
v 0.02669690 0.93726896 -0.19762298
v 0.06300450 1.56331997 -0.05548410
v 0.04370520 1.53602002 -0.12863299
v 0.02774970 1.49275006 -0.19482099
v 0.01588680 1.43555997 -0.25095399
v 0.00866531 1.36711011 -0.29440898
v 0.00642624 1.29061002 -0.32314700
v 0.00926575 1.20963002 -0.33583297
v 0.01706570 1.12796003 -0.33186599
v 0.02945500 1.04941000 -0.31144000
v 0.04643360 0.97939794 -0.27491001
v 0.06693410 0.92895796 -0.23465002
v 0.10748299 1.58779995 -0.07366390
v 0.08710089 1.55896008 -0.15090600
v 0.07025570 1.51328000 -0.22079999
v 0.05771820 1.45288998 -0.28007699
v 0.05009630 1.38061002 -0.32595699
v 0.04773120 1.29982999 -0.35631099
v 0.05073390 1.21431005 -0.36970100
v 0.05897120 1.12807004 -0.36551200
v 0.07204990 1.04513006 -0.34394397
v 0.09054860 0.97292494 -0.30556001
v 0.11240599 0.92580694 -0.26973400
v 0.15497900 1.60678005 -0.09133210
v 0.13381799 1.57684002 -0.17154699
v 0.11632100 1.52939999 -0.24412498
v 0.10330900 1.46669003 -0.30567098
v 0.09539010 1.39163007 -0.35332297
v 0.09293589 1.30775006 -0.38483398
v 0.09605739 1.21895002 -0.39874297
v 0.10460600 1.12939000 -0.39439799
v 0.11818900 1.04326002 -0.37200000
v 0.14058799 0.96951399 -0.33346698
v 0.16643400 0.92472494 -0.29971799
v 0.23054498 1.62362011 -0.11617699
v 0.20882900 1.59288998 -0.19848299
v 0.19087099 1.54421002 -0.27296699
v 0.17752498 1.47986004 -0.33612899
v 0.16939199 1.40284009 -0.38501899
v 0.16687099 1.31675000 -0.41736003
v 0.17007400 1.22563001 -0.43163199
v 0.17885299 1.13373006 -0.42716899
v 0.19279100 1.04535001 -0.40418498
v 0.21210599 0.97010694 -0.36262797
v 0.23420000 0.92714895 -0.32410297
v 0.30857299 1.62842999 -0.13875399
v 0.28693799 1.59781002 -0.22076299
v 0.26905498 1.54930996 -0.29497299
v 0.27924199 1.48749005 -0.36263499
v 0.26833499 1.41896008 -0.40414798
v 0.27130800 1.34402997 -0.43155799
v 0.24833198 1.23189992 -0.45306003
v 0.25707300 1.14033002 -0.44861098
v 0.27096000 1.05227003 -0.42570899
v 0.28977001 0.97776594 -0.38317298
v 0.31010000 0.93179792 -0.33750098
v 0.36098399 1.62352001 -0.15193599
v 0.33981597 1.59357998 -0.23214399
v 0.33382598 1.54015011 -0.31987699
v 0.31204299 1.27797002 -0.45188796
v 0.34111400 1.18081006 -0.46715400
v 0.35274001 1.06958005 -0.44719497
v 0.36883598 0.99301794 -0.39470199
v 0.38936599 0.94263006 -0.33773799
v 0.41272098 1.61260998 -0.16345800
v 0.39552699 1.57252011 -0.27258899
v 0.46303397 1.59583004 -0.17316299
v 0.44850200 1.56854000 -0.26203800
v 0.42978896 1.08591001 -0.45296397
v 0.42574798 1.17521001 -0.46692397
v 0.44501002 1.00951002 -0.40618697
v 0.47290999 0.94866499 -0.33426799
v 0.51119696 1.57344998 -0.18090398
v 0.49977198 1.55213009 -0.25327499
v 0.48716796 1.09961004 -0.44090796
v 0.48205897 1.17708005 -0.45761199
v 0.50356799 1.02509000 -0.40027000
v 0.53482699 0.96746793 -0.32917400
v 0.55649798 1.54577999 -0.18656799
v 0.54840899 1.52392010 -0.25076898
v 0.53622798 1.11351003 -0.41294097
v 0.52786399 1.18209005 -0.43258098
v 0.55241297 1.04656004 -0.38040698
v 0.58736395 0.99469999 -0.31820199
v 0.59828597 1.51323010 -0.19008298
v 0.59065596 1.48887997 -0.25048698
v 0.58637099 1.12647001 -0.37216197
v 0.58354598 1.18743001 -0.38280898
v 0.60021296 1.08357999 -0.34345500
v 0.63657298 1.03163999 -0.29618099
v 0.61922297 0.96668195 -0.23350799
v 0.66736395 1.01215002 -0.23205499
v 0.56808001 0.93354696 -0.23327899
v 0.64346098 1.45393002 -0.20126400
v 0.63293898 1.44171002 -0.24232398
v 0.66476195 1.41604001 -0.20864099
v 0.68445395 1.38292004 -0.21529098
v 0.45605002 1.37439008 -0.38421100
v 0.44891700 1.39171002 -0.37714500
v 0.47893000 1.38861005 -0.37994002
v 0.47012999 1.40215008 -0.37368297
v 0.43431098 1.38451001 -0.37842799
v 0.44033896 1.36249005 -0.38616798
v 0.44692298 1.40828000 -0.36861797
v 0.43601699 1.40564007 -0.36818797
v 0.46379798 1.41377011 -0.36699496
v 0.47893000 1.34316007 -0.39127700
v 0.46654097 1.35790997 -0.38924499
v 0.49903003 1.35982999 -0.38755500
v 0.48898398 1.37413998 -0.38463298
v 0.45144599 1.34245999 -0.39058002
v 0.46605197 1.32656003 -0.39156596
v 0.50377597 1.32134000 -0.38619800
v 0.49168300 1.33076001 -0.38987498
v 0.51408896 1.33398007 -0.38593097
v 0.50764598 1.34609006 -0.38782199
v 0.48250399 1.31566998 -0.38934096
v 0.49835597 1.30846005 -0.38444099
v 0.51435599 1.31609006 -0.38169002
v 0.51712897 1.32488004 -0.38381000
v 0.52522498 1.31749997 -0.37727798
v 0.52419398 1.32447003 -0.38084499
v 0.51308799 1.30573010 -0.37887199
v 0.52693099 1.30851010 -0.37302299
v 0.54074298 1.33869000 -0.37166598
v 0.54910598 1.33214002 -0.36277599
v 0.53476699 1.32568997 -0.37388999
v 0.53931197 1.31767011 -0.36763198
v 0.52999297 1.33094998 -0.37928798
v 0.52876197 1.34088010 -0.38049598
v 0.54253001 1.35497998 -0.36863299
v 0.52619597 1.35479001 -0.38019199
v 0.53971297 1.37247998 -0.36448199
v 0.52065799 1.36997006 -0.37796100
v 0.55403697 1.37025006 -0.35173598
v 0.55458598 1.35033002 -0.35758598
v 0.53232096 1.38982999 -0.35989200
v 0.51218299 1.38510998 -0.37409797
v 0.52086497 1.40596005 -0.35554000
v 0.50189196 1.39952008 -0.36964900
v 0.53387000 1.40878003 -0.34197200
v 0.54694197 1.39021008 -0.34608699
v 0.50709002 1.41926007 -0.35155799
v 0.49111197 1.41201001 -0.36434096
v 0.49264697 1.42874997 -0.34840697
v 0.48173297 1.42189999 -0.35909099
v 0.49805899 1.43321011 -0.33859100
v 0.51681697 1.42351010 -0.33938400
v 0.47834498 1.43294003 -0.34786597
v 0.47600898 1.42867001 -0.35448699
v 0.46353099 1.43051999 -0.35227798
v 0.46614097 1.42785000 -0.35660697
v 0.46075797 1.43337002 -0.34736198
v 0.47939002 1.43698010 -0.34077098
v 0.45167499 1.42152005 -0.35995097
v 0.45949000 1.42148007 -0.36194598
v 0.44498000 1.42267010 -0.35737899
v 0.41795497 1.36119000 -0.41008697
v 0.42852099 1.36048001 -0.40293899
v 0.43422198 1.33063001 -0.41387500
v 0.44296397 1.33408002 -0.40649798
v 0.46726001 1.32091000 -0.39984698
v 0.46089896 1.31451001 -0.40764697
v 0.45171298 1.33754010 -0.39911300
v 0.45774798 1.47538998 -0.36210899
v 0.46164000 1.45859006 -0.35843097
v 0.43393298 1.46036999 -0.37880599
v 0.44063598 1.44531003 -0.37276298
v 0.43492698 1.41099011 -0.37785697
v 0.42572497 1.42249997 -0.38497398
v 0.44733096 1.43025006 -0.36672797
v 0.41652396 1.43400998 -0.39209998
v 0.41025897 1.39775006 -0.40193797
v 0.42134398 1.39178998 -0.39513198
v 0.43908599 1.35978009 -0.39578498
v 0.43242099 1.38583005 -0.38832599
v 0.47781096 1.29312009 -0.41593699
v 0.45453002 1.30809003 -0.41545398
v 0.48089499 1.30139005 -0.40703197
v 0.50118098 1.30245007 -0.39318198
v 0.50110698 1.29339002 -0.40116000
v 0.48397899 1.30967008 -0.39811999
v 0.50101001 1.28432996 -0.40914496
v 0.52354197 1.28119992 -0.39763099
v 0.52081397 1.29065000 -0.39185496
v 0.51808497 1.30009000 -0.38607898
v 0.53421897 1.30290997 -0.37787898
v 0.53992003 1.29384000 -0.38172000
v 0.54898001 1.31214002 -0.36984199
v 0.56136199 1.32807004 -0.36250899
v 0.55847796 1.30619992 -0.37191798
v 0.57283198 1.32639005 -0.36240497
v 0.56874697 1.30003003 -0.37365298
v 0.54563697 1.28486005 -0.38558299
v 0.59271002 1.35122006 -0.34814799
v 0.58571799 1.32382001 -0.36055198
v 0.58011298 1.35001996 -0.35281097
v 0.56941397 1.34926007 -0.35531699
v 0.57042197 1.37289990 -0.34817001
v 0.57977198 1.37568997 -0.34371398
v 0.57946799 1.40752011 -0.33039100
v 0.59012896 1.37956998 -0.33793098
v 0.57077098 1.40172009 -0.33592899
v 0.56205199 1.39594998 -0.34145999
v 0.54643000 1.41652997 -0.33772300
v 0.55298396 1.42564999 -0.33218497
v 0.53421897 1.45768002 -0.32780299
v 0.55953898 1.43477002 -0.32665397
v 0.52992598 1.44492001 -0.33206599
v 0.52563296 1.43214001 -0.33632899
v 0.50482798 1.44208005 -0.33854598
v 0.50707499 1.45792004 -0.33665599
v 0.48390498 1.48008999 -0.34643497
v 0.50931399 1.47376004 -0.33476497
v 0.48448398 1.46268002 -0.34552299
v 0.48505496 1.44527997 -0.34461097
v 0.46553298 1.44178998 -0.35476100
v 0.49730296 1.30061002 -0.38473697
v 0.47998298 1.30759992 -0.39014197
v 0.47998298 1.30759992 -0.39014197
v 0.46243297 1.31854001 -0.39270797
v 0.43460097 1.35717999 -0.38774001
v 0.42838698 1.38169995 -0.38011100
v 0.42838698 1.38169995 -0.38011100
v 0.43127097 1.40510998 -0.36867797
v 0.46243297 1.31854001 -0.39270797
v 0.44663398 1.33535001 -0.39192897
v 0.44663398 1.33535001 -0.39192897
v 0.43460097 1.35717999 -0.38774001
v 0.52914698 1.30137998 -0.37087199
v 0.51376296 1.29844998 -0.37819797
v 0.51376296 1.29844998 -0.37819797
v 0.49730296 1.30061002 -0.38473697
v 0.43127097 1.40510998 -0.36867797
v 0.44202899 1.42382001 -0.35661498
v 0.44202899 1.42382001 -0.35661498
v 0.45966800 1.43508999 -0.34519698
v 0.55443000 1.32635999 -0.35765300
v 0.54299002 1.31078000 -0.36385898
v 0.52914698 1.30137998 -0.37087199
v 0.54299002 1.31078000 -0.36385898
v 0.45966800 1.43508999 -0.34519698
v 0.47975299 1.43917004 -0.33704097
v 0.50028399 1.43557004 -0.33320098
v 0.47975299 1.43917004 -0.33704097
v 0.56220797 1.36784009 -0.34458198
v 0.56183695 1.34598996 -0.35132796
v 0.55443000 1.32635999 -0.35765300
v 0.56183695 1.34598996 -0.35132796
v 0.50028399 1.43557004 -0.33320098
v 0.52102099 1.42547009 -0.33228099
v 0.54043196 1.41001004 -0.33400100
v 0.52102099 1.42547009 -0.33228099
v 0.54043196 1.41001004 -0.33400100
v 0.55448199 1.38973004 -0.33833099
v 0.56220797 1.36784009 -0.34458198
v 0.55448199 1.38973004 -0.33833099
v 0.47998298 1.30759992 -0.39014197
v 0.49730296 1.30061002 -0.38473697
v 0.47998298 1.30759992 -0.39014197
v 0.46243297 1.31854001 -0.39270797
v 0.42838698 1.38169995 -0.38011100
v 0.43460097 1.35717999 -0.38774001
v 0.42838698 1.38169995 -0.38011100
v 0.43127097 1.40510998 -0.36867797
v 0.44663398 1.33535001 -0.39192897
v 0.46243297 1.31854001 -0.39270797
v 0.44663398 1.33535001 -0.39192897
v 0.43460097 1.35717999 -0.38774001
v 0.51376296 1.29844998 -0.37819797
v 0.52914698 1.30137998 -0.37087199
v 0.51376296 1.29844998 -0.37819797
v 0.49730296 1.30061002 -0.38473697
v 0.43127097 1.40510998 -0.36867797
v 0.44202899 1.42382001 -0.35661498
v 0.44202899 1.42382001 -0.35661498
v 0.45966800 1.43508999 -0.34519698
v 0.54299002 1.31078000 -0.36385898
v 0.55443000 1.32635999 -0.35765300
v 0.54299002 1.31078000 -0.36385898
v 0.52914698 1.30137998 -0.37087199
v 0.45966800 1.43508999 -0.34519698
v 0.47975299 1.43917004 -0.33704097
v 0.47975299 1.43917004 -0.33704097
v 0.50028399 1.43557004 -0.33320098
v 0.56183695 1.34598996 -0.35132796
v 0.56220797 1.36784009 -0.34458198
v 0.56183695 1.34598996 -0.35132796
v 0.55443000 1.32635999 -0.35765300
v 0.50028399 1.43557004 -0.33320098
v 0.52102099 1.42547009 -0.33228099
v 0.52102099 1.42547009 -0.33228099
v 0.54043196 1.41001004 -0.33400100
v 0.55448199 1.38973004 -0.33833099
v 0.54043196 1.41001004 -0.33400100
v 0.55448199 1.38973004 -0.33833099
v 0.56220797 1.36784009 -0.34458198
v 0.60064295 1.31807004 -0.35248500
v 0.58215899 1.28907010 -0.37333400
v 0.55084197 1.26961003 -0.39043899
v 0.60328196 1.38872998 -0.32419997
v 0.60823496 1.35305005 -0.33581100
v 0.42950000 1.29619992 -0.43650397
v 0.39815898 1.32626996 -0.42884498
v 0.37810397 1.36598996 -0.42373599
v 0.50941001 1.50632000 -0.32069297
v 0.54166297 1.48482998 -0.31415298
v 0.57012599 1.45449002 -0.31232198
v 0.38087600 1.45889004 -0.39692599
v 0.40537299 1.49092007 -0.37669299
v 0.43872298 1.50975003 -0.35442001
v 0.37120097 1.41421002 -0.41331897
v 0.49510798 1.26802007 -0.42685000
v 0.46314498 1.27804006 -0.43682300
v 0.52317099 1.26477002 -0.40985698
v 0.59116797 1.42133008 -0.31549499
v 0.47499297 1.51562008 -0.33508399
v 0.61931899 1.30279996 -0.33599597
v 0.59466002 1.26101003 -0.36857398
v 0.55984297 1.24214002 -0.39806800
v 0.62769003 1.34917996 -0.31149898
v 0.61935698 1.39512006 -0.29851699
v 0.40054698 1.27159001 -0.44875197
v 0.35337001 1.30917005 -0.44754397
v 0.32526199 1.35693005 -0.43264098
v 0.54518397 1.50949002 -0.28341400
v 0.50139598 1.53648007 -0.28734298
v 0.58069895 1.47456997 -0.28600099
v 0.36143600 1.51734005 -0.35462798
v 0.32439498 1.47874005 -0.38275001
v 0.40786498 1.54089993 -0.32806197
v 0.31247298 1.42629986 -0.41257796
v 0.48548499 1.23891004 -0.44250197
v 0.44482497 1.24749997 -0.45068000
v 0.52223002 1.23767003 -0.42079997
v 0.60346099 1.43734997 -0.29030898
v 0.45529399 1.54723004 -0.30482599
v 0.64826498 1.28137006 -0.31049798
v 0.61409197 1.21344007 -0.36021098
v 0.64609297 1.39563000 -0.25897600
v 0.66020895 1.34239987 -0.27224000
v 0.72655897 1.16366002 -0.23634799
v 0.72244398 1.16442006 -0.22325399
v 0.72022002 1.16241002 -0.22903699
v 0.72888800 1.15884000 -0.22638299
v 0.73389197 1.17141004 -0.19006799
v 0.74056494 1.15738004 -0.18875598
v 0.72752295 1.16861005 -0.20956001
v 0.73588003 1.15837003 -0.21002698
v 0.74354597 1.19371000 -0.20333198
v 0.73413695 1.18581006 -0.21890199
v 0.76670798 1.21456006 -0.21128799
v 0.64783499 1.20521001 -0.33753097
v 0.69753294 1.25895001 -0.28117498
v 0.66283400 1.20958005 -0.33915397
v 0.71388899 1.25795003 -0.28370298
v 0.67948698 1.26833005 -0.28507398
v 0.62674899 1.19616002 -0.35743797
v 0.72918494 1.07101003 -0.21114700
v 0.70171400 1.06645002 -0.20149299
v 0.69360297 1.07637006 -0.26639799
v 0.65432295 1.07528005 -0.26917098
v 0.72320097 1.05968999 -0.15264100
v 0.70171400 1.06645002 -0.20149299
v 0.67948698 1.26833005 -0.28507398
v 0.70678595 1.30251996 -0.24979700
v 0.69196494 1.30484006 -0.24814399
v 0.70508093 1.34318997 -0.20273199
v 0.71674300 1.34356000 -0.20764001
v 0.69196494 1.30484006 -0.24814399
v 0.73478194 1.33884000 -0.21131000
v 0.72699698 1.29897000 -0.25479499
v 0.68999297 1.21598004 -0.34559699
v 0.73174200 1.26294004 -0.28809999
v 0.71256895 1.21989003 -0.34784400
v 0.75051497 1.26757001 -0.29210298
v 0.63153098 1.16358007 -0.37354198
v 0.64214797 1.19206006 -0.36469600
v 0.66323393 1.16559003 -0.38424003
v 0.67368796 1.19359006 -0.37051700
v 0.70598494 1.18958005 -0.37168098
v 0.69722899 1.16044004 -0.38077098
v 0.66793494 1.13286001 -0.37587699
v 0.63534197 1.13119993 -0.36964198
v 0.72197005 1.07977003 -0.26871898
v 0.68742697 1.09182004 -0.33587699
v 0.65590094 1.09029005 -0.33595897
v 0.74912100 1.08319005 -0.27045299
v 0.71831496 1.10129003 -0.33285197
v 0.75269499 1.07415006 -0.21417200
v 0.77899397 1.07939001 -0.21221500
v 0.75338400 1.33298001 -0.21633699
v 0.77622793 1.32464002 -0.22227600
v 0.74516196 1.29923001 -0.26010299
v 0.76320097 1.29879987 -0.26482599
v 0.71999800 1.16742002 -0.36987197
v 0.71902594 1.15225004 -0.37059798
v 0.71046294 1.13065999 -0.37448299
v 0.88809393 1.10578000 -0.26952699
v 0.87979093 1.08369001 -0.27082399
v 0.85289099 1.11653005 -0.30195699
v 0.84116896 1.10131002 -0.30607198
v 0.85158598 1.07566999 -0.26836299
v 0.82916594 1.08627004 -0.29627698
v 0.90356794 1.09787000 -0.24119699
v 0.89533094 1.07124006 -0.23792001
v 0.87064894 1.06513006 -0.23293001
v 0.91466696 1.38163007 -0.27215898
v 0.93086698 1.36547009 -0.27801599
v 0.88340094 1.35319989 -0.31967698
v 0.89966795 1.33538007 -0.32774398
v 0.87269499 1.28749005 -0.35446498
v 0.85891897 1.31003003 -0.34834003
v 0.77576002 1.18912999 -0.26620498
v 0.74258894 1.18273000 -0.24897399
v 0.75380697 1.17261007 -0.28633499
v 0.74138800 1.15949994 -0.26064498
v 0.72658896 1.17278005 -0.23098001
v 0.74718596 1.15201001 -0.29277099
v 0.74179594 1.15013006 -0.31416099
v 0.74508093 1.15555005 -0.23917299
v 0.76221495 1.14981000 -0.25397199
v 0.77317297 1.14669004 -0.22641300
v 0.75212393 1.15161001 -0.21704099
v 0.78273001 1.14414007 -0.20270198
v 0.75961195 1.14948003 -0.19439100
v 0.73318800 1.22629995 -0.34520400
v 0.76937697 1.27337003 -0.29544698
v 0.75678000 1.23817006 -0.34645000
v 0.78301199 1.28686002 -0.29836799
v 0.74987700 1.16189992 -0.32303600
v 0.77084494 1.17097005 -0.33173999
v 0.77141600 1.18114003 -0.30004398
v 0.79228003 1.18609998 -0.30874099
v 0.81290594 1.20822004 -0.28865598
v 0.79745497 1.19589994 -0.27752000
v 0.75761793 1.17015004 -0.35196597
v 0.73392195 1.16231000 -0.34564197
v 0.73097098 1.14871999 -0.34042197
v 0.72894697 1.15268003 -0.34290599
v 0.73086699 1.17445005 -0.36291698
v 0.75146399 1.18021001 -0.36546001
v 0.78861693 1.22149991 -0.25111001
v 0.80995497 1.23120999 -0.26155599
v 0.82730497 1.24079000 -0.27074298
v 0.84084394 1.24721006 -0.23677099
v 0.82339697 1.23833005 -0.23052001
v 0.80188795 1.22834005 -0.22398799
v 0.82472494 1.32777005 -0.29479499
v 0.82262594 1.30070996 -0.33641799
v 0.81172003 1.31292996 -0.29807899
v 0.80110998 1.27576001 -0.34395900
v 0.84440199 1.32876996 -0.32155299
v 0.83494894 1.33994000 -0.29115398
v 0.84511396 1.23193006 -0.33850898
v 0.87428198 1.26444005 -0.33002002
v 0.85081495 1.23793004 -0.32071498
v 0.87414099 1.26338002 -0.31482099
v 0.87395597 1.26405004 -0.30306199
v 0.85952002 1.24849004 -0.30284698
v 0.84200697 1.23162000 -0.29996198
v 0.82924696 1.21687001 -0.31931398
v 0.81936400 1.20685002 -0.33756698
v 0.81323195 1.20724004 -0.35425697
v 0.80988096 1.21747007 -0.36592700
v 0.84214796 1.23344007 -0.35583598
v 0.84039892 1.24603002 -0.36765498
v 0.87444494 1.27249997 -0.34485599
v 0.81922293 1.33221997 -0.27574001
v 0.83426001 1.33819989 -0.24003299
v 0.83126394 1.34426999 -0.27477599
v 0.84452795 1.34913998 -0.24143400
v 0.85703596 1.36141003 -0.24345798
v 0.84301596 1.35509000 -0.27551000
v 0.85318098 1.26104001 -0.28060399
v 0.86981092 1.27454000 -0.28411798
v 0.88580297 1.28469007 -0.28752099
v 0.90456198 1.29827008 -0.25715198
v 0.88551496 1.28283002 -0.25188798
v 0.86866896 1.26779996 -0.24666898
v 0.86439093 1.36135007 -0.29740398
v 0.88730795 1.38374997 -0.25767898
v 0.92758299 1.32551999 -0.26917098
v 0.91948698 1.31059003 -0.26246099
v 0.90023092 1.29941007 -0.30481899
v 0.89522001 1.29098004 -0.29479499
v 0.77429999 1.08569997 -0.27202499
v 0.74665198 1.10346006 -0.32993797
v 0.79721693 1.08446004 -0.27144000
v 0.77235800 1.10039998 -0.32765498
v 0.76845793 1.13737005 -0.33774600
v 0.76314894 1.12625005 -0.34143001
v 0.74121001 1.14113004 -0.34430698
v 0.73463400 1.13087003 -0.34946002
v 0.76822798 1.14888006 -0.29552099
v 0.78523596 1.14752004 -0.26074098
v 0.79680197 1.14357999 -0.23374599
v 0.80902098 1.14638006 -0.26717698
v 0.82067595 1.14019002 -0.24098199
v 0.79891493 1.07956006 -0.22025199
v 0.81839995 1.07809003 -0.22541898
v 0.80612196 1.14073003 -0.21048700
v 0.82843199 1.13477002 -0.21747098
v 0.81968298 1.07792005 -0.26854799
v 0.80254896 1.09485006 -0.31411599
v 0.80100599 1.11667005 -0.32813697
v 0.80694494 1.13198003 -0.32748397
v 0.83365095 1.13698003 -0.27684499
v 0.85148298 1.13312002 -0.25263000
v 0.83757299 1.07262006 -0.22864500
v 0.86499899 1.13195005 -0.22883699
v 0.81365500 1.32277005 -0.23474599
v 0.79501593 1.31023999 -0.27387899
v 0.79552694 1.32053998 -0.22774000
v 0.78172896 1.30027005 -0.26871898
v 0.85482695 1.25624005 -0.24198299
v 0.84019094 1.24969991 -0.27658498
v 0.82714895 1.21901006 -0.29564699
v 0.80676695 1.24289006 -0.36999797
v 0.78039496 1.21874005 -0.37027900
v 0.78012793 1.19311002 -0.36791400
v 0.75064894 1.20445005 -0.36897399
v 0.77957197 1.25484006 -0.34733897
v 0.79786299 1.29926007 -0.29922099
v 0.79322897 1.18187001 -0.33580299
v 0.80995497 1.19953000 -0.31531001
v 0.83086393 1.27336003 -0.36403697
v 0.72541800 1.19712003 -0.36659499
v 0.62674899 1.19616002 -0.35743797
v 0.61120097 1.16287999 -0.36456298
v 0.68344496 1.11331006 -0.36374698
v 0.71660895 1.36111005 -0.15935799
v 0.70508093 1.34318997 -0.20273199
v 0.82554693 1.32906003 -0.23851299
v 0.93186094 1.34488004 -0.27577699
v 0.89869001 1.11457006 -0.23984800
v 0.88422399 1.11979993 -0.26642002
v 0.71961195 1.14391004 -0.36038097
v 0.75279097 1.14471006 -0.33131000
v 0.79223494 1.14861005 -0.29730798
v 0.78036497 1.14257001 -0.32465198
v 0.81390699 1.13876005 -0.31558398
v 0.81416693 1.14445005 -0.29776799
v 0.78367895 1.18196004 -0.35539897
v 0.85430799 1.12541005 -0.29518001
v 0.90214498 1.31459989 -0.31697099
v 0.62674899 1.19616002 -0.35743797
v 0.75242796 1.20861005 -0.23293699
v 0.80797598 1.32083005 -0.27685199
v 0.70508093 1.34318997 -0.20273199
v 0.69943800 1.35891003 -0.21162099
v 0.71660895 1.36111005 -0.15935799
v 0.68239294 1.31669995 -0.26203800
v 0.67948698 1.26833005 -0.28507398
v 0.62674899 1.19616002 -0.35743797
v 0.67437796 1.27136006 -0.29520198
v 0.62809096 1.20687001 -0.35990699
v 0.60576697 1.17653005 -0.37393497
v 0.62603003 1.10079000 -0.31860198
v 0.62092097 1.09556005 -0.33152499
v 0.61201697 1.13464002 -0.35275897
v 0.60776099 1.13246999 -0.36199798
v 0.68468398 1.04805006 -0.22537500
v 0.61120097 1.16287999 -0.36456298
v 0.61201697 1.13464002 -0.35275897
v 0.65432295 1.07528005 -0.26917098
v 0.62603003 1.10079000 -0.31860198
v 0.65241698 1.05935003 -0.28184198
v 0.61201697 1.13464002 -0.35275897
v 0.62603003 1.10079000 -0.31860198
v 0.72320097 1.05968999 -0.15264100
v 0.70171400 1.06645002 -0.20149299
v 0.70508093 1.34318997 -0.20273199
v 0.69196494 1.30484006 -0.24814399
v 0.69196494 1.30484006 -0.24814399
v 0.67948698 1.26833005 -0.28507398
v 0.61120097 1.16287999 -0.36456298
v 0.62674899 1.19616002 -0.35743797
v 0.61201697 1.13464002 -0.35275897
v 0.61120097 1.16287999 -0.36456298
v 0.65432295 1.07528005 -0.26917098
v 0.62603003 1.10079000 -0.31860198
v 0.70171400 1.06645002 -0.20149299
v 0.65432295 1.07528005 -0.26917098
v 0.71307295 1.12394002 -0.36009196
v 0.68316397 1.10617002 -0.35294498
v 0.01538270 0.66228896 -0.48727599
v -0.10933300 1.12931005 0.08027860
v -0.09798159 1.08128004 0.07224150
v -0.08035029 1.03465002 0.06340380
v -0.05667660 0.99120794 0.05274200
v -0.02821330 0.95160192 0.04047140
v -0.67724394 0.42676002 -0.01889470
v 0.01310640 0.91531599 0.05922210
v -0.07424850 1.03383001 0.08217669
v -0.04909930 0.99021497 0.07747599
v -0.01903440 0.95152693 0.07088470
v 0.59188696 0.91804396 0.08952420
v -0.11539000 0.10151000 0.19924099
v -0.05498630 0.10143599 0.21817699
v -0.15926799 0.10157699 0.16379999
v -0.19329999 0.10165100 0.11635699
v -0.22538099 0.10168099 0.04401540
v 0.40266002 0.10124400 0.13667900
v 0.32719001 0.10130299 0.18530899
v 0.22799400 0.10133300 0.21702798
v 0.14226299 0.10137700 0.23046199
v 0.02701570 0.10137000 0.23115900
v 0.44415698 0.10128099 0.07569660
v 0.06820940 0.10137000 0.23643798
v 0.46580699 0.10155499 0.00804138
v -0.25153098 0.10162200 -0.02206800
v 0.46539199 0.10148100 -0.08356190
v -0.12599299 0.10151000 -0.28271699
v -0.06573700 0.10142199 -0.30084499
v -0.18496599 0.10164400 -0.25611499
v -0.21698799 0.10165899 -0.20528200
v -0.21646200 0.10160700 -0.14292800
v 0.40661899 0.10136200 -0.21951000
v 0.32961398 0.10149600 -0.27161798
v 0.22962499 0.10159899 -0.31832000
v 0.13840799 0.10163700 -0.33647002
v 0.02116580 0.10148800 -0.32443000
v 0.44767898 0.10134700 -0.15514700
v 0.06043180 0.10148800 -0.32526000
v -0.22731599 0.10165100 -0.08798830
v 0.12590700 0.10173300 -0.03805310
v -0.42743499 0.92750494 -0.03244790
v -0.48967002 0.94380094 -0.03433120
v -0.67724394 0.42676002 -0.01889470
v -0.69298499 0.52035796 -0.01983630
v -0.69078200 0.59067397 -0.01985850
v -0.68012793 0.66587004 -0.01963610
v -0.66314894 0.75478194 -0.02118570
v -0.61625395 0.86677496 -0.02958600
v -0.55446398 0.92477697 -0.03387150
v -0.48967002 0.94380094 -0.03433120
v -0.37138297 0.88952894 -0.02977140
v -0.32863197 0.83511595 -0.01952490
v -0.29166398 0.80371595 -0.01679640
v -0.21096000 0.64579199 0.41713100
v -0.28270099 0.61599398 0.42678496
v 0.01580520 0.66813895 0.41235698
v -0.10609299 0.65575697 0.41267596
v -0.20603698 0.30610698 0.47064002
v -0.27949798 0.36474700 0.46635497
v -0.32007598 0.43319499 0.45756198
v -0.33328899 0.50128798 0.44856799
v -0.09841920 0.26127300 0.47153003
v -0.32136699 0.56488799 0.43832896
v 0.03123440 0.24063899 0.47280497
v 0.16404600 0.23930499 0.47058097
v 0.29934898 0.25900400 0.46523597
v 0.13708799 0.68774199 0.41108199
v 0.26485099 0.69258398 0.41299399
v 0.01538270 0.66228896 -0.48727599
v -0.11134900 0.65489005 -0.48695697
v -0.21741800 0.64009795 -0.49290297
v -0.29239898 0.60794299 -0.50255698
v -0.32289397 0.43143798 -0.53136199
v -0.33744800 0.49298396 -0.52395396
v -0.20391698 0.31234298 -0.54283099
v -0.27833398 0.36860198 -0.53862002
v -0.10050299 0.26585498 -0.54508498
v -0.32829799 0.55373698 -0.51433097
v 0.02729000 0.24178098 -0.54828898
v 0.15889299 0.23916398 -0.54731002
v 0.29503398 0.26045799 -0.54082896
v 0.13633899 0.67866698 -0.48637099
v 0.26732000 0.68026099 -0.48784697
vt 0.86660600 0.39892399
vt 0.87138402 0.39761901
vt 0.87415999 0.39882600
vt 0.87804800 0.39755797
vt 0.86605996 0.39762497
vt 0.86056995 0.39900804
vt 0.85632098 0.39906001
vt 0.86237502 0.39768302
vt 0.86002398 0.39767599
vt 0.85377598 0.39914799
vt 0.93236101 0.40128601
vt 0.94499803 0.40142900
vt 0.93609703 0.40456998
vt 0.94882500 0.40517902
vt 0.93992198 0.39883196
vt 0.92861801 0.39882803
vt 0.86228698 0.40155697
vt 0.87071198 0.40146196
vt 0.85548198 0.40164196
vt 0.85835999 0.40534902
vt 0.85102999 0.40541697
vt 0.86724997 0.40497601
vt 0.85100800 0.40176702
vt 0.84805000 0.40177900
vt 0.84621400 0.40544301
vt 0.84245998 0.40519500
vt 0.95148200 0.40136504
vt 0.94582498 0.39880002
vt 0.95581400 0.40515602
vt 0.93970901 0.40895498
vt 0.95171601 0.40978998
vt 0.94379199 0.41416699
vt 0.95393997 0.41493601
vt 0.85464299 0.41009498
vt 0.86378098 0.40984100
vt 0.84707898 0.41002101
vt 0.85089201 0.41520798
vt 0.84366798 0.41484499
vt 0.85831898 0.41553599
vt 0.95915401 0.40984201
vt 0.96142602 0.41507697
vt 0.95539600 0.42050499
vt 0.94655102 0.41998804
vt 0.94839400 0.42624402
vt 0.95624501 0.42656201
vt 0.96277398 0.42074800
vt 0.96362603 0.42690200
vt 0.94782102 0.43913603
vt 0.94915599 0.43279600
vt 0.95518798 0.43869501
vt 0.95641601 0.43277597
vt 0.96337700 0.43305504
vt 0.96207398 0.43886101
vt 0.93946898 0.45034200
vt 0.94467300 0.44510102
vt 0.94961601 0.44913697
vt 0.95290500 0.44419503
vt 0.95989102 0.44419897
vt 0.95721000 0.44905496
vt 0.92844498 0.45762998
vt 0.93304098 0.45438504
vt 0.94076699 0.45699400
vt 0.94519597 0.45336401
vt 0.95424598 0.45349300
vt 0.95016599 0.45740104
vt 0.87743801 0.45607400
vt 0.89033300 0.45501304
vt 0.88177097 0.45805001
vt 0.89190197 0.45782602
vt 0.88545698 0.45978796
vt 0.89343297 0.46012604
vt 0.90215999 0.45819300
vt 0.90203798 0.46051002
vt 0.90209299 0.45595598
vt 0.87507302 0.45846301
vt 0.87094897 0.45956302
vt 0.86934799 0.45699501
vt 0.86583102 0.45994604
vt 0.87637901 0.45999199
vt 0.88001996 0.45981896
vt 0.89069599 0.46272302
vt 0.88915801 0.46254599
vt 0.89308900 0.46287000
vt 0.24515800 0.42397499
vt 0.25011000 0.46811199
vt 0.14856900 0.49887502
vt 0.15044200 0.54368502
vt 0.59591401 0.44241899
vt 0.70136398 0.36471999
vt 0.59549302 0.38720298
vt 0.70414299 0.31240296
vt 0.75707501 0.28891504
vt 0.74956697 0.26237202
vt 0.30284101 0.41617298
vt 0.30295900 0.37313199
vt 0.22402699 0.28965300
vt 0.23558000 0.35970199
vt 0.13415600 0.32057202
vt 0.14376400 0.42908502
vt 0.29822800 0.31932104
vt 0.28807300 0.26356602
vt 0.34222901 0.23244202
vt 0.35364300 0.28526700
vt 0.35511199 0.33645904
vt 0.40921199 0.30184400
vt 0.41674799 0.23908997
vt 0.41238499 0.17476499
vt 0.37125701 0.12952697
vt 0.31658301 0.18381900
vt 0.31200999 0.09094602
vt 0.27810699 0.14671201
vt 0.25838500 0.17770702
vt 0.27223799 0.21315199
vt 0.84211498 0.40986896
vt 0.83742601 0.40945303
vt 0.83864599 0.41448200
vt 0.83343399 0.41420400
vt 0.34506398 0.63608599
vt 0.33950201 0.67324197
vt 0.28320801 0.64206302
vt 0.26098600 0.67211699
vt 0.33112600 0.71459800
vt 0.24100900 0.71552998
vt 0.84716302 0.42056000
vt 0.84070897 0.41956997
vt 0.83944499 0.43060303
vt 0.83502996 0.42857897
vt 0.84365898 0.43343604
vt 0.85246402 0.42238301
vt 0.83560097 0.41906202
vt 0.83059597 0.41888899
vt 0.83125699 0.42750597
vt 0.82780200 0.42714101
vt 0.32689801 0.75716299
vt 0.32839301 0.79711801
vt 0.23337200 0.76293397
vt 0.23841000 0.80579299
vt 0.86639899 0.44948900
vt 0.86921102 0.44745600
vt 0.87643498 0.45073104
vt 0.87882799 0.44836700
vt 0.86177802 0.46125102
vt 0.86328995 0.45578998
vt 0.86944503 0.45418203
vt 0.79866999 0.01996303
vt 0.72018802 0.09041101
vt 0.81535500 0.09432602
vt 0.72267801 0.14100397
vt 0.58659601 0.16417098
vt 0.59156603 0.22173601
vt 0.91984802 0.46208799
vt 0.92439997 0.45941800
vt 0.93279898 0.46255201
vt 0.93650502 0.46000099
vt 0.91485298 0.45703304
vt 0.91296899 0.45877999
vt 0.91105098 0.46103901
vt 0.94595098 0.46052098
vt 0.94196999 0.46306998
vt 0.89659399 0.46299201
vt 0.90281898 0.46282804
vt 0.77551299 0.18381798
vt 0.71466398 0.22541296
vt 0.59439301 0.31185901
vt 0.24020700 0.06410700
vt 0.22022800 0.12731302
vt 0.13788600 0.04529101
vt 0.13416199 0.11670101
vt 0.20962000 0.17671096
vt 0.13283600 0.17602199
vt 0.80350602 0.20100403
vt 0.85316497 0.10042202
vt 0.39377600 0.36745101
vt 0.34680501 0.38015401
vt 0.21424000 0.22889197
vt 0.13351400 0.24103498
vt 0.93914700 0.46498001
vt 0.93086898 0.46457803
vt 0.93750203 0.46664900
vt 0.92969996 0.46632200
vt 0.91176301 0.46445501
vt 0.90464699 0.46451998
vt 0.91092902 0.46270096
vt 0.90602601 0.46614802
vt 0.91244996 0.46608603
vt 0.92083299 0.46434903
vt 0.92088997 0.46611798
vt 0.89967000 0.46452600
vt 0.89648998 0.46445000
vt 0.89792997 0.46610701
vt 0.90126997 0.46616197
vt 0.92456996 0.39752400
vt 0.93417197 0.39751697
vt 0.90195996 0.39753199
vt 0.91236597 0.39754301
vt 0.90247703 0.39881003
vt 0.91442800 0.39882696
vt 0.88793397 0.39753497
vt 0.88608402 0.39874804
vt 0.93915802 0.39754796
vt 0.91655302 0.40126801
vt 0.90334499 0.40116096
vt 0.90441900 0.40425998
vt 0.91889203 0.40459502
vt 0.88376999 0.40125203
vt 0.88092703 0.40472198
vt 0.60087001 0.64091802
vt 0.59591597 0.67978197
vt 0.51736599 0.63496500
vt 0.51069897 0.67629099
vt 0.59363300 0.72409099
vt 0.50579602 0.71912098
vt 0.90548801 0.42496097
vt 0.91235697 0.42496699
vt 0.90529400 0.42891204
vt 0.91333997 0.42913800
vt 0.91108698 0.42215401
vt 0.90590602 0.42149496
vt 0.58754802 0.77205497
vt 0.50127900 0.76287597
vt 0.49714401 0.80481601
vt 0.57922900 0.81940103
vt 0.90407598 0.43741202
vt 0.90477997 0.43318999
vt 0.91188401 0.43877000
vt 0.91319901 0.43399799
vt 0.57076401 0.86042798
vt 0.49466899 0.84265500
vt 0.49580801 0.87743801
vt 0.56897998 0.89397901
vt 0.90320998 0.44406301
vt 0.90336102 0.44107103
vt 0.90806699 0.44476902
vt 0.90987200 0.44254196
vt 0.91814202 0.45370603
vt 0.90249598 0.45327103
vt 0.92878300 0.45039797
vt 0.93572998 0.44571501
vt 0.93989599 0.43975604
vt 0.94141501 0.43312401
vt 0.94029498 0.42658198
vt 0.93708402 0.42044604
vt 0.93161798 0.41491103
vt 0.92176902 0.40954900
vt 0.90510100 0.40789300
vt 0.87657303 0.40991998
vt 0.86630702 0.41559803
vt 0.85942501 0.42187399
vt 0.85450298 0.42921901
vt 0.85386598 0.43555498
vt 0.85566598 0.44133997
vt 0.84600902 0.43920600
vt 0.84918898 0.44440997
vt 0.85969299 0.44628000
vt 0.85363501 0.44931602
vt 0.85939598 0.45318496
vt 0.33351099 0.83051199
vt 0.25544101 0.83822399
vt 0.33553901 0.85906500
vt 0.27571401 0.85768199
vt 0.88982701 0.45174003
vt 0.86292601 0.42174304
vt 0.85920501 0.42800498
vt 0.13702999 0.64550900
vt 0.09966900 0.70947802
vt 0.11420900 0.64460999
vt 0.07243600 0.71031100
vt 0.21738100 0.60009402
vt 0.19333400 0.58933502
vt 0.86966199 0.41637701
vt 0.85799301 0.43423498
vt 0.85908598 0.44005400
vt 0.08390700 0.77497798
vt 0.09325600 0.83419299
vt 0.05664300 0.77885097
vt 0.06748800 0.84239602
vt 0.91600800 0.41206801
vt 0.90360099 0.41026497
vt 0.54347497 0.55740499
vt 0.55779999 0.53327101
vt 0.65554500 0.57259601
vt 0.68583399 0.55173200
vt 0.91052997 0.41540200
vt 0.91309100 0.41354096
vt 0.91825700 0.41830504
vt 0.92183602 0.41693604
vt 0.92534000 0.41606200
vt 0.87953198 0.41227496
vt 0.31806201 0.57108599
vt 0.30430201 0.55122501
vt 0.93149400 0.42113996
vt 0.92354697 0.42269200
vt 0.92768198 0.42178500
vt 0.92651498 0.42811096
vt 0.93120897 0.42750901
vt 0.93511999 0.42704999
vt 0.93629497 0.43348098
vt 0.92732000 0.43403697
vt 0.93233103 0.43378603
vt 0.92566901 0.43992198
vt 0.93043202 0.44003403
vt 0.93452501 0.43997204
vt 0.91284502 0.45173699
vt 0.92259502 0.44961399
vt 0.90736097 0.44897801
vt 0.91512603 0.44787699
vt 0.90984201 0.45041400
vt 0.91868401 0.44891202
vt 0.51555997 0.94313997
vt 0.61806798 0.94909602
vt 0.52971703 0.95953697
vt 0.64740402 0.96520102
vt 0.90112799 0.45129400
vt 0.92988199 0.44560397
vt 0.92141199 0.44481099
vt 0.92574698 0.44532901
vt 0.86263198 0.44472998
vt 0.19416200 0.90952802
vt 0.17689100 0.92446601
vt 0.12788600 0.88024598
vt 0.10563500 0.89278901
vt 0.29857501 0.91851300
vt 0.28930199 0.93202597
vt 0.41003999 0.92766297
vt 0.41264701 0.94098699
vt 0.15291700 0.71402502
vt 0.18803900 0.66089898
vt 0.25100201 0.62289101
vt 0.14808300 0.82161802
vt 0.13909100 0.77098799
vt 0.62456602 0.60537398
vt 0.52912402 0.59406000
vt 0.90790999 0.41832501
vt 0.91441697 0.42036599
vt 0.33385998 0.60235101
vt 0.91829300 0.42402101
vt 0.92058998 0.42876995
vt 0.92087901 0.43415499
vt 0.91948700 0.43951404
vt 0.91134501 0.44634902
vt 0.90498996 0.44672799
vt 0.50373000 0.91467500
vt 0.59003299 0.92386997
vt 0.91608399 0.44381297
vt 0.17421800 0.86086202
vt 0.23282999 0.88247401
vt 0.31856099 0.89070499
vt 0.41220501 0.90044099
vt 0.41487199 0.86469698
vt 0.41416901 0.83200401
vt 0.41346300 0.79667902
vt 0.41476300 0.75700003
vt 0.41862300 0.71514100
vt 0.42404199 0.67373997
vt 0.42856100 0.63325799
vt 0.42942598 0.59404802
vt 0.42905101 0.55909503
vt 0.42925900 0.53516197
vt 0.89142102 0.41038704
vt 0.89133501 0.40799403
vt 0.89229995 0.40427804
vt 0.89266700 0.40110803
vt 0.89280301 0.39875299
vt 0.89310098 0.39751804
vt 0.95333701 0.40153801
vt 0.95809102 0.40519899
vt 0.94749999 0.39903599
vt 0.96186000 0.40979099
vt 0.96449900 0.41502798
vt 0.96612000 0.42071700
vt 0.96730500 0.42692399
vt 0.96738797 0.43307400
vt 0.96642697 0.43888301
vt 0.96450996 0.44420201
vt 0.96186101 0.44893998
vt 0.95894402 0.45364499
vt 0.95542800 0.45759201
vt 0.95184398 0.46078503
vt 0.94813198 0.46350598
vt 0.94500798 0.46541399
vt 0.94279999 0.46689600
vt 0.94089699 0.39766002
vt 0.89464599 0.46437699
vt 0.89374799 0.46432698
vt 0.89581901 0.46590900
vt 0.89473200 0.46570700
vt 0.89804602 0.46833599
vt 0.89559102 0.46774900
vt 0.89421099 0.46737701
vt 0.89252800 0.46952498
vt 0.89405298 0.47032100
vt 0.89701998 0.47212499
vt 0.90646100 0.46806002
vt 0.90176100 0.46821702
vt 0.90188301 0.47114700
vt 0.90650100 0.47045600
vt 0.91259199 0.46791804
vt 0.91225302 0.47008896
vt 0.92067403 0.47015399
vt 0.92068201 0.46792299
vt 0.92987597 0.47018099
vt 0.92929995 0.46812904
vt 0.93702000 0.46844101
vt 0.93821299 0.47089601
vt 0.94227499 0.46851397
vt 0.94275701 0.47074401
vt 0.89000601 0.44949996
vt 0.85939300 0.39759898
vt 0.85297602 0.39906502
vt 0.84706497 0.40167499
vt 0.84126997 0.40502596
vt 0.95346600 0.40138602
vt 0.95818800 0.40508902
vt 0.94758803 0.39891601
vt 0.96186197 0.40974700
vt 0.96439099 0.41502202
vt 0.96592599 0.42072904
vt 0.96706802 0.42692304
vt 0.96724200 0.43313503
vt 0.96631402 0.43900800
vt 0.96440601 0.44437802
vt 0.96158397 0.44911999
vt 0.95427901 0.45756900
vt 0.95826697 0.45372200
vt 0.87046301 0.45964503
vt 0.86997700 0.45972800
vt 0.86561102 0.46036804
vt 0.86539102 0.46079099
vt 0.87588298 0.46003199
vt 0.87538600 0.46007097
vt 0.88910699 0.46256799
vt 0.88905501 0.46258998
vt 0.04439200 0.51727998
vt 0.04399900 0.56002897
vt 0.57965702 0.45713997
vt 0.47222200 0.46754301
vt 0.57656997 0.39914900
vt 0.47058299 0.40253800
vt 0.05519400 0.32768101
vt 0.04804000 0.44248796
vt 0.83643299 0.40934300
vt 0.83257800 0.41402996
vt 0.83231699 0.41414100
vt 0.82954198 0.41970396
vt 0.82923996 0.41962397
vt 0.45689401 0.17151898
vt 0.54510403 0.17886603
vt 0.45924601 0.23208201
vt 0.55478001 0.24242800
vt 0.86180997 0.46190500
vt 0.86184299 0.46256000
vt 0.95052999 0.46074998
vt 0.94677502 0.46340001
vt 0.46830601 0.32044500
vt 0.57270098 0.32584000
vt 0.05714400 0.04183602
vt 0.05634300 0.11531997
vt 0.05632300 0.17625898
vt 0.05651200 0.24482501
vt 0.94357699 0.46523702
vt 0.94152701 0.46669698
vt 0.89377302 0.46433496
vt 0.89379799 0.46434200
vt 0.89452600 0.46562600
vt 0.89438498 0.46557099
vt 0.94091201 0.39760399
vt 0.89380699 0.46724701
vt 0.89356297 0.46716601
vt 0.89198500 0.46936899
vt 0.89153498 0.46941900
vt 0.94076198 0.47051704
vt 0.94036400 0.46839201
vt 0.86623597 0.39883399
vt 0.87371099 0.39881301
vt 0.87097102 0.39749300
vt 0.87750602 0.39751399
vt 0.86003202 0.39887202
vt 0.86552203 0.39745498
vt 0.85602599 0.39901400
vt 0.86195397 0.39756799
vt 0.85385299 0.39909399
vt 0.86015898 0.39766401
vt 0.94854599 0.40517902
vt 0.94449598 0.40145701
vt 0.93543100 0.40468097
vt 0.93163198 0.40137500
vt 0.93948799 0.39886099
vt 0.92797399 0.39890099
vt 0.87065703 0.40150404
vt 0.86196601 0.40152597
vt 0.85509598 0.40160000
vt 0.85075098 0.40541697
vt 0.85812098 0.40536296
vt 0.86773098 0.40518796
vt 0.85056102 0.40157497
vt 0.84809399 0.40158600
vt 0.84279102 0.40495700
vt 0.84576601 0.40519798
vt 0.94549996 0.39881802
vt 0.95115799 0.40137500
vt 0.95553499 0.40515602
vt 0.95359999 0.41493601
vt 0.95143700 0.40978998
vt 0.94294995 0.41441000
vt 0.93884701 0.40914798
vt 0.86390603 0.41004699
vt 0.85446900 0.41010100
vt 0.84679997 0.41002101
vt 0.84329098 0.41479200
vt 0.85061800 0.41521800
vt 0.85811198 0.41570199
vt 0.95887500 0.40984201
vt 0.96114701 0.41507697
vt 0.95510000 0.42050898
vt 0.94588697 0.42022002
vt 0.95594198 0.42657399
vt 0.94781798 0.42642301
vt 0.96249497 0.42074800
vt 0.96334702 0.42690200
vt 0.94717902 0.43889600
vt 0.95541501 0.43878102
vt 0.94835502 0.43279099
vt 0.95626998 0.43280196
vt 0.96345502 0.43310899
vt 0.96254998 0.43901002
vt 0.93972999 0.44945699
vt 0.95028102 0.44915199
vt 0.94430900 0.44458902
vt 0.95346397 0.44428998
vt 0.96064699 0.44442403
vt 0.95783597 0.44923300
vt 0.92886597 0.45668304
vt 0.94158900 0.45720804
vt 0.93366897 0.45328498
vt 0.94631898 0.45337498
vt 0.95410299 0.45351398
vt 0.94987398 0.45741600
vt 0.87735301 0.45596802
vt 0.88226902 0.45802498
vt 0.89057702 0.45504701
vt 0.89231700 0.45775700
vt 0.88668400 0.46011198
vt 0.89422995 0.46021104
vt 0.90267700 0.46046698
vt 0.90266997 0.45801902
vt 0.90280801 0.45533401
vt 0.86582500 0.45843500
vt 0.87144601 0.45898199
vt 0.86959702 0.45698404
vt 0.87519997 0.45846599
vt 0.87706298 0.45999998
vt 0.88092798 0.46006000
vt 0.89035797 0.46271396
vt 0.88922399 0.46265197
vt 0.89254099 0.46259296
vt 0.25347301 0.42034000
vt 0.19832499 0.47107399
vt 0.25719100 0.46429098
vt 0.20164099 0.51435697
vt 0.64436299 0.42258203
vt 0.64306098 0.36632401
vt 0.70349902 0.36696601
vt 0.70336998 0.31432599
vt 0.74596900 0.26707000
vt 0.75382000 0.29329699
vt 0.30526599 0.37165797
vt 0.30440900 0.41478395
vt 0.23088500 0.28616798
vt 0.16791201 0.30633104
vt 0.24253599 0.35432398
vt 0.18898100 0.40133899
vt 0.30081299 0.31779003
vt 0.29098400 0.26245797
vt 0.34394601 0.23101699
vt 0.35539699 0.28453201
vt 0.35678300 0.33515203
vt 0.41476399 0.29280996
vt 0.41994101 0.23600101
vt 0.41377100 0.17326301
vt 0.37042099 0.12554502
vt 0.31338501 0.08656299
vt 0.31945601 0.18045998
vt 0.28290200 0.14215499
vt 0.26167899 0.17510402
vt 0.27573901 0.21148801
vt 0.84160298 0.40957201
vt 0.83815902 0.40924299
vt 0.83420902 0.41390800
vt 0.83798099 0.41418201
vt 0.35271999 0.63924098
vt 0.29455799 0.64565897
vt 0.34821299 0.67551899
vt 0.27421200 0.67384702
vt 0.25378901 0.71417397
vt 0.33907199 0.71547198
vt 0.84651399 0.42079198
vt 0.83988500 0.41973603
vt 0.83448100 0.42837101
vt 0.83886898 0.43045104
vt 0.84342998 0.43338501
vt 0.85210198 0.42253196
vt 0.83473200 0.41919500
vt 0.83066601 0.41898704
vt 0.82771701 0.42697597
vt 0.83066201 0.42730296
vt 0.24149200 0.80197698
vt 0.33056900 0.79635799
vt 0.24156199 0.75910902
vt 0.33234799 0.75695401
vt 0.87834603 0.44828796
vt 0.86861902 0.44693500
vt 0.87577701 0.45042896
vt 0.86557698 0.44867700
vt 0.86098200 0.45910901
vt 0.86351597 0.45597196
vt 0.86877102 0.45359802
vt 0.79794902 0.02211201
vt 0.81681597 0.09301198
vt 0.71599102 0.09265101
vt 0.72059500 0.14703202
vt 0.63654602 0.21032500
vt 0.62767202 0.14844400
vt 0.91995502 0.46208704
vt 0.93321502 0.46265000
vt 0.92451996 0.45940995
vt 0.93697101 0.46017098
vt 0.91579700 0.45583200
vt 0.91343397 0.45857096
vt 0.91168201 0.46093702
vt 0.94576800 0.46057498
vt 0.94168901 0.46313596
vt 0.89729100 0.46254504
vt 0.90375698 0.46258497
vt 0.77250201 0.18920201
vt 0.71135497 0.23108399
vt 0.64170599 0.28917396
vt 0.24751499 0.05956000
vt 0.17587200 0.04336900
vt 0.23026600 0.12229800
vt 0.16690800 0.11380303
vt 0.16206600 0.17329800
vt 0.22057500 0.17341799
vt 0.80067402 0.20579302
vt 0.85530502 0.09420002
vt 0.39964300 0.34747201
vt 0.34837100 0.37851501
vt 0.22331400 0.22661901
vt 0.16285799 0.23596102
vt 0.93850499 0.46491504
vt 0.93082798 0.46453798
vt 0.92908400 0.46624899
vt 0.93641800 0.46646899
vt 0.90499198 0.46449602
vt 0.91171402 0.46254504
vt 0.91226000 0.46443403
vt 0.90600097 0.46617103
vt 0.91254902 0.46619797
vt 0.92043799 0.46617800
vt 0.92068201 0.46437097
vt 0.89969403 0.46449602
vt 0.89623797 0.46447599
vt 0.89767301 0.46607000
vt 0.90114200 0.46612000
vt 0.93385100 0.39754498
vt 0.92413497 0.39756501
vt 0.90156698 0.39746100
vt 0.90211099 0.39878702
vt 0.91192698 0.39746296
vt 0.91399801 0.39882600
vt 0.88556802 0.39878899
vt 0.88770700 0.39748597
vt 0.93902701 0.39753604
vt 0.90289700 0.40113801
vt 0.91613901 0.40127504
vt 0.90407503 0.40433204
vt 0.91863102 0.40465599
vt 0.88307703 0.40137303
vt 0.88024497 0.40498304
vt 0.60013497 0.64164001
vt 0.51921600 0.63619602
vt 0.59575599 0.68049902
vt 0.51348299 0.67770600
vt 0.50901800 0.71997100
vt 0.59510797 0.72419798
vt 0.91294199 0.42921901
vt 0.91200602 0.42510599
vt 0.90541899 0.42892200
vt 0.90547401 0.42502499
vt 0.91079098 0.42228103
vt 0.90584397 0.42155898
vt 0.59076899 0.76975000
vt 0.50398201 0.76236701
vt 0.49824899 0.80294997
vt 0.58192599 0.81349802
vt 0.90430498 0.43688500
vt 0.91190702 0.43822700
vt 0.90505201 0.43298399
vt 0.91304702 0.43384397
vt 0.57175797 0.85193801
vt 0.49356401 0.84019703
vt 0.49337000 0.87473398
vt 0.56889999 0.88473201
vt 0.90320301 0.44323802
vt 0.90812397 0.44377500
vt 0.90344501 0.44031298
vt 0.90990299 0.44164896
vt 0.90284997 0.45245600
vt 0.91874200 0.45245999
vt 0.92903298 0.44919199
vt 0.93555301 0.44478500
vt 0.93948901 0.43917096
vt 0.94089502 0.43302703
vt 0.93991601 0.42675698
vt 0.93676198 0.42069799
vt 0.93121099 0.41510904
vt 0.90460998 0.40795100
vt 0.92134398 0.40964997
vt 0.87609899 0.41026902
vt 0.86575401 0.41614604
vt 0.85885602 0.42227399
vt 0.85407996 0.42925000
vt 0.84869999 0.44367599
vt 0.85525203 0.44010496
vt 0.84571397 0.43901598
vt 0.85362202 0.43490499
vt 0.85261399 0.44766301
vt 0.85895801 0.44510996
vt 0.85817599 0.45185304
vt 0.25438499 0.83609498
vt 0.33326501 0.83074397
vt 0.33434701 0.85992700
vt 0.27427199 0.85706800
vt 0.88982397 0.45148003
vt 0.85894698 0.42784399
vt 0.86303300 0.42209500
vt 0.16045199 0.65415800
vt 0.12601900 0.64952397
vt 0.11137400 0.70742798
vt 0.07471100 0.70789802
vt 0.23209199 0.61155498
vt 0.20354500 0.59886599
vt 0.86985701 0.41694796
vt 0.85845101 0.43903399
vt 0.85761201 0.43347502
vt 0.08644400 0.76761198
vt 0.05383200 0.77046800
vt 0.08563900 0.82817101
vt 0.05904000 0.83326101
vt 0.91561300 0.41219997
vt 0.90312797 0.41025198
vt 0.54060000 0.55453098
vt 0.65325302 0.57168996
vt 0.55274099 0.53258097
vt 0.68227500 0.55169100
vt 0.91033602 0.41532099
vt 0.91772997 0.41867399
vt 0.91279000 0.41353798
vt 0.92125797 0.41730702
vt 0.92494398 0.41633201
vt 0.87934101 0.41269398
vt 0.32192799 0.57831699
vt 0.30530000 0.55837297
vt 0.93097198 0.42149997
vt 0.92251700 0.42324102
vt 0.92679203 0.42226803
vt 0.92505997 0.42858398
vt 0.92989498 0.42793000
vt 0.93441999 0.42730403
vt 0.93545300 0.43343496
vt 0.92580098 0.43426299
vt 0.93083799 0.43390203
vt 0.92424297 0.43974304
vt 0.92915201 0.43972600
vt 0.93378597 0.43945503
vt 0.92261797 0.44856799
vt 0.91307098 0.45060897
vt 0.90730000 0.44856000
vt 0.90988302 0.44968599
vt 0.91472000 0.44723499
vt 0.91846400 0.44815803
vt 0.51371300 0.93899202
vt 0.52869397 0.95344502
vt 0.61734700 0.94441301
vt 0.64789200 0.95703799
vt 0.90105999 0.45046401
vt 0.92947900 0.44474900
vt 0.92052299 0.44435000
vt 0.92492700 0.44469500
vt 0.86174297 0.44399297
vt 0.19155601 0.90547299
vt 0.11956100 0.87660301
vt 0.17364199 0.91787201
vt 0.09609000 0.88639301
vt 0.29611099 0.91692400
vt 0.28556299 0.93075198
vt 0.40759400 0.92515498
vt 0.41173699 0.93663698
vt 0.17506699 0.71134698
vt 0.21265900 0.66501898
vt 0.26435500 0.62894201
vt 0.15448301 0.81452000
vt 0.15411299 0.76361102
vt 0.62301803 0.60562098
vt 0.52898699 0.59489399
vt 0.90777898 0.41834700
vt 0.91401201 0.42057699
vt 0.33979100 0.60700399
vt 0.91770899 0.42431998
vt 0.91964102 0.42908204
vt 0.91996199 0.43427300
vt 0.91858798 0.43923998
vt 0.91108799 0.44557703
vt 0.90484798 0.44613802
vt 0.58835799 0.91724497
vt 0.50078398 0.90881401
vt 0.91551399 0.44319999
vt 0.17889300 0.85509598
vt 0.23388000 0.87865901
vt 0.31720299 0.88874102
vt 0.40921900 0.89753300
vt 0.41245601 0.86577600
vt 0.41351700 0.83290702
vt 0.41530299 0.79717702
vt 0.41902998 0.75808698
vt 0.42428401 0.71713501
vt 0.42977300 0.67593199
vt 0.43316600 0.63549298
vt 0.43171901 0.59600300
vt 0.42626199 0.53552902
vt 0.42844999 0.56010503
vt 0.89089698 0.40813804
vt 0.89105898 0.41049200
vt 0.89187998 0.40445900
vt 0.89248097 0.40119499
vt 0.89274400 0.39881098
vt 0.89277399 0.39749897
vt 0.85298699 0.39915001
vt 0.85940200 0.39767200
vt 0.84702700 0.40163803
vt 0.84143996 0.40503001
vt 0.13939101 0.50596303
vt 0.14077200 0.54637498
vt 0.10532700 0.32497501
vt 0.13145401 0.43640304
vt 0.83675802 0.40930104
vt 0.82685602 0.42724097
vt 0.10326900 0.04200298
vt 0.10077900 0.11304998
vt 0.09920800 0.17379302
vt 0.09963700 0.24284101
vt 0.89330399 0.46431601
vt 0.89434302 0.46579301
vt 0.89409298 0.46437699
vt 0.89540100 0.46597099
vt 0.89362800 0.46766496
vt 0.89075100 0.47105300
vt 0.89765298 0.46791500
vt 0.89508599 0.46787399
vt 0.89337599 0.47055000
vt 0.89651299 0.47031796
vt 0.90613800 0.46795404
vt 0.90129101 0.46791303
vt 0.90044200 0.47018600
vt 0.90538502 0.47018099
vt 0.91238201 0.46805799
vt 0.91152698 0.47031599
vt 0.91863501 0.47045302
vt 0.91977000 0.46807599
vt 0.92648798 0.47087198
vt 0.92783499 0.46818900
vt 0.93528199 0.46825701
vt 0.93520898 0.47132802
vt 0.87819701 0.50062501
vt 0.87893498 0.50526899
vt 0.87791502 0.50070697
vt 0.87837601 0.50542998
vt 0.87848997 0.50032699
vt 0.87951499 0.50467801
vt 0.87877601 0.49982703
vt 0.88007700 0.50368500
vt 0.87904102 0.49914801
vt 0.88059598 0.50233603
vt 0.87927300 0.49832296
vt 0.88104999 0.50069100
vt 0.87946099 0.49739003
vt 0.88141400 0.49883300
vt 0.87959498 0.49639297
vt 0.88168502 0.49684799
vt 0.87967300 0.49538100
vt 0.88183099 0.49483401
vt 0.87968802 0.49440002
vt 0.88185501 0.49288601
vt 0.87964100 0.49349499
vt 0.88175398 0.49109304
vt 0.87951702 0.49269199
vt 0.88149601 0.48950201
vt 0.87925601 0.49198997
vt 0.88096601 0.48812801
vt 0.87872398 0.49167901
vt 0.87997597 0.48725498
vt 0.87898499 0.49176401
vt 0.88044101 0.48754400
vt 0.88025898 0.50981599
vt 0.87942702 0.51005399
vt 0.88111800 0.50894099
vt 0.88195097 0.50746900
vt 0.88271898 0.50546998
vt 0.88338500 0.50303698
vt 0.88391799 0.50028300
vt 0.88429499 0.49733698
vt 0.88450098 0.49434102
vt 0.88452399 0.49143803
vt 0.88437301 0.48878098
vt 0.88399899 0.48646104
vt 0.88321000 0.48442900
vt 0.88239402 0.48342401
vt 0.88212401 0.51420802
vt 0.88103300 0.51451999
vt 0.88325101 0.51306099
vt 0.88434297 0.51113302
vt 0.88534898 0.50851297
vt 0.88622200 0.50532401
vt 0.88692099 0.50171500
vt 0.88741398 0.49785399
vt 0.88767701 0.49392402
vt 0.88770199 0.49011302
vt 0.88749599 0.48664498
vt 0.88698000 0.48360997
vt 0.88593799 0.48090994
vt 0.88487798 0.47955799
vt 0.88316995 0.51876199
vt 0.88450599 0.51837999
vt 0.88588297 0.51697898
vt 0.88721699 0.51462102
vt 0.88844699 0.51141900
vt 0.88951397 0.50752097
vt 0.89036900 0.50310898
vt 0.89097100 0.49838996
vt 0.89129299 0.49358600
vt 0.89131999 0.48891902
vt 0.89105397 0.48466504
vt 0.89039499 0.48106599
vt 0.88918996 0.47795796
vt 0.88781703 0.47605199
vt 0.88580698 0.52271903
vt 0.88736701 0.52227300
vt 0.88897502 0.52063698
vt 0.89053297 0.51788497
vt 0.89196801 0.51414698
vt 0.89321399 0.50959599
vt 0.89421201 0.50444597
vt 0.89491498 0.49893796
vt 0.89529097 0.49332899
vt 0.89532202 0.48788202
vt 0.89500004 0.48291498
vt 0.89420497 0.47877896
vt 0.89284199 0.47516900
vt 0.89106798 0.47307301
vt 0.88890600 0.52633202
vt 0.89066797 0.52582902
vt 0.89248300 0.52398199
vt 0.89424098 0.52087599
vt 0.89586097 0.51665598
vt 0.89726698 0.51151997
vt 0.89839399 0.50570703
vt 0.89918697 0.49948901
vt 0.89961201 0.49315798
vt 0.89964598 0.48700899
vt 0.89928597 0.48135400
vt 0.89841098 0.47663796
vt 0.89242101 0.52954900
vt 0.89435899 0.52899599
vt 0.89635402 0.52696502
vt 0.89828801 0.52354997
vt 0.90006900 0.51891100
vt 0.90161502 0.51326299
vt 0.90285403 0.50687200
vt 0.90372598 0.50003600
vt 0.90419298 0.49307501
vt 0.90423101 0.48631400
vt 0.90383399 0.48009998
vt 0.90297502 0.47503996
vt 0.89630198 0.53232300
vt 0.89838797 0.53172797
vt 0.90053397 0.52954298
vt 0.90261400 0.52586901
vt 0.90453100 0.52087700
vt 0.90619397 0.51480103
vt 0.90752697 0.50792497
vt 0.90846598 0.50057000
vt 0.90896702 0.49308097
vt 0.90900898 0.48580599
vt 0.90857202 0.47915101
vt 0.90765399 0.47382402
vt 0.90049100 0.53461403
vt 0.90269399 0.53398597
vt 0.90495998 0.53167897
vt 0.90715700 0.52779901
vt 0.90918100 0.52252799
vt 0.91093701 0.51611102
vt 0.91234499 0.50884998
vt 0.91333598 0.50108397
vt 0.91386598 0.49317503
vt 0.91390902 0.48549402
vt 0.91345996 0.47841799
vt 0.91258502 0.47285104
vt 0.90492702 0.53638798
vt 0.90721500 0.53573602
vt 0.90956903 0.53333998
vt 0.91184998 0.52931100
vt 0.91395199 0.52383798
vt 0.91577601 0.51717502
vt 0.91723698 0.50963497
vt 0.91826600 0.50156999
vt 0.91885400 0.49334204
vt 0.91894698 0.48535699
vt 0.91843998 0.47800601
vt 0.91786999 0.47197104
vt 0.91191399 0.53795499
vt 0.91426301 0.53728598
vt 0.91667801 0.53482699
vt 0.91901898 0.53069299
vt 0.92117500 0.52507597
vt 0.92304701 0.51823902
vt 0.92454600 0.51050198
vt 0.92558497 0.50222403
vt 0.92622697 0.49375403
vt 0.92649299 0.48558301
vt 0.92576200 0.47804499
vt 0.92476398 0.47148502
vt 0.91906202 0.53839201
vt 0.92140299 0.53772402
vt 0.92381001 0.53527498
vt 0.92614198 0.53115600
vt 0.93033803 0.52576101
vt 0.93162000 0.51967400
vt 0.93328297 0.51293200
vt 0.93269199 0.50283897
vt 0.93397701 0.49476802
vt 0.93433303 0.48637104
vt 0.93320602 0.47878397
vt 0.93186301 0.47220397
vt 0.92381996 0.53792000
vt 0.92610997 0.53726798
vt 0.92846400 0.53487200
vt 0.93238801 0.53034300
vt 0.93733501 0.50675499
vt 0.94123501 0.49833399
vt 0.94152099 0.48798901
vt 0.94037098 0.48018396
vt 0.93848097 0.47390699
vt 0.92848498 0.53688401
vt 0.93069100 0.53625602
vt 0.93478900 0.53304303
vt 0.93298900 0.53529799
vt 0.93507802 0.53470302
vt 0.93836802 0.53257602
vt 0.94716400 0.48906803
vt 0.94706601 0.49776399
vt 0.94623899 0.48189300
vt 0.94428301 0.47628403
vt 0.93726701 0.53318501
vt 0.93920898 0.53263199
vt 0.94191897 0.53098202
vt 0.95027101 0.49777198
vt 0.95068902 0.49015599
vt 0.95033997 0.48345000
vt 0.94820303 0.47816199
vt 0.94125599 0.53057700
vt 0.94302303 0.53007400
vt 0.94558901 0.52833802
vt 0.95348996 0.49108899
vt 0.95247197 0.49802399
vt 0.95315397 0.48538899
vt 0.95141500 0.48052704
vt 0.94489801 0.52750999
vt 0.94646400 0.52706498
vt 0.94887900 0.52508599
vt 0.95533597 0.49810803
vt 0.95549399 0.49226999
vt 0.95514202 0.48821104
vt 0.95426297 0.48442501
vt 0.94938898 0.47550499
vt 0.95405197 0.48232603
vt 0.94756997 0.47510898
vt 0.94361299 0.47199798
vt 0.94569302 0.47308201
vt 0.94918698 0.52223802
vt 0.95057702 0.52163601
vt 0.95177501 0.52070802
vt 0.95088601 0.51937902
vt 0.95260501 0.51814097
vt 0.95274198 0.51661599
vt 0.95446998 0.51531601
vt 0.87812501 0.49599701
vt 0.69970500 0.80830097
vt 0.76775098 0.81376702
vt 0.71039301 0.85909098
vt 0.77020299 0.85784698
vt 0.67045999 0.86000997
vt 0.65216702 0.80015600
vt 0.73257500 0.90202200
vt 0.70698297 0.91075301
vt 0.77657402 0.89472502
vt 0.70906901 0.70682400
vt 0.77288401 0.72100097
vt 0.69960999 0.75610900
vt 0.76912802 0.76681900
vt 0.65071499 0.73955899
vt 0.66516900 0.68544298
vt 0.74738902 0.62954402
vt 0.78197598 0.64520699
vt 0.72603500 0.66391498
vt 0.77757102 0.67944700
vt 0.69251001 0.64169598
vt 0.72560000 0.60817301
vt 0.80084401 0.61372203
vt 0.78235400 0.62202996
vt 0.80084199 0.59844702
vt 0.77063996 0.60673898
vt 0.76151597 0.58635598
vt 0.80121100 0.57811999
vt 0.84341800 0.58577102
vt 0.88458198 0.60827798
vt 0.83347398 0.60652500
vt 0.86168098 0.62926996
vt 0.82148200 0.62176901
vt 0.82692701 0.64500803
vt 0.84115398 0.72134399
vt 0.83535099 0.67946601
vt 0.90150797 0.70949501
vt 0.88518995 0.66494697
vt 0.92058200 0.64463997
vt 0.94624597 0.69257301
vt 0.84049100 0.81450200
vt 0.84274900 0.76747102
vt 0.90532100 0.81187201
vt 0.90849102 0.75959098
vt 0.95776898 0.74863601
vt 0.95322901 0.80826598
vt 0.83282399 0.89436400
vt 0.83647001 0.85822201
vt 0.87647998 0.90103900
vt 0.89398700 0.86050600
vt 0.93449497 0.86350900
vt 0.90494102 0.90878898
vt 0.80855697 0.92809600
vt 0.83311498 0.91867399
vt 0.81116498 0.93926001
vt 0.85076398 0.92835498
vt 0.86601698 0.93932402
vt 0.81578201 0.95529801
vt 0.76744503 0.93038899
vt 0.78135097 0.91961902
vt 0.75677800 0.94720602
vt 0.94353700 0.51424599
vt 0.94497901 0.51145703
vt 0.94400400 0.51414102
vt 0.94529897 0.51173097
vt 0.94686598 0.51046699
vt 0.94561201 0.51200497
vt 0.94677502 0.50992501
vt 0.94412500 0.52444702
vt 0.94312501 0.52316803
vt 0.94426501 0.52289301
vt 0.94336301 0.52175999
vt 0.94321299 0.51865000
vt 0.94360000 0.52035201
vt 0.94283903 0.51974100
vt 0.94246501 0.52083099
vt 0.94250798 0.51756299
vt 0.94303602 0.51697898
vt 0.94447201 0.51403600
vt 0.94356400 0.51639402
vt 0.94850302 0.50795698
vt 0.94831598 0.50868702
vt 0.94666398 0.50936502
vt 0.94920701 0.50870502
vt 0.94809598 0.50939697
vt 0.94960797 0.50791001
vt 0.95000899 0.50709599
vt 0.95119500 0.50675100
vt 0.95067900 0.50760597
vt 0.95016098 0.50844300
vt 0.95100498 0.50865901
vt 0.95164698 0.50784302
vt 0.95174402 0.50944799
vt 0.95258701 0.50889999
vt 0.95232302 0.51086599
vt 0.95331800 0.51063800
vt 0.95344400 0.50831699
vt 0.95229602 0.50704199
vt 0.95406902 0.51287800
vt 0.95334399 0.51277900
vt 0.95419800 0.51041597
vt 0.95253801 0.51275700
vt 0.95221996 0.51488000
vt 0.95277697 0.51511502
vt 0.95200098 0.51801997
vt 0.95164102 0.51747501
vt 0.95331401 0.51541299
vt 0.95126301 0.51698399
vt 0.94984800 0.51886797
vt 0.95007098 0.51967299
vt 0.94836700 0.52260500
vt 0.94825995 0.52146000
vt 0.95029098 0.52048099
vt 0.94815201 0.52031499
vt 0.94664198 0.52125597
vt 0.94670397 0.52269298
vt 0.94536996 0.52478498
vt 0.94538897 0.52318996
vt 0.94676602 0.52413100
vt 0.94540900 0.52159500
vt 0.94440401 0.52133799
vt 0.67828298 0.62636799
vt 0.71534801 0.59175700
vt 0.67828298 0.62636799
vt 0.64819902 0.67142099
vt 0.64858401 0.86607301
vt 0.62880802 0.79636800
vt 0.64858401 0.86607301
vt 0.69444698 0.92154402
vt 0.62787300 0.72832602
vt 0.64819902 0.67142099
vt 0.62787300 0.72832602
vt 0.62880802 0.79636800
vt 0.75673902 0.56950897
vt 0.80179000 0.56038898
vt 0.75673902 0.56950897
vt 0.71534801 0.59175700
vt 0.75346500 0.96083200
vt 0.69444698 0.92154402
vt 0.75346500 0.96083200
vt 0.81930399 0.96946102
vt 0.89691901 0.59101200
vt 0.84941900 0.56750697
vt 0.84941900 0.56750697
vt 0.80179000 0.56038898
vt 0.81930399 0.96946102
vt 0.87844199 0.95264500
vt 0.87844199 0.95264500
vt 0.92528200 0.91981101
vt 0.97052401 0.68032402
vt 0.93985301 0.62876499
vt 0.93985301 0.62876499
vt 0.89691901 0.59101200
vt 0.92528200 0.91981101
vt 0.96214300 0.87022901
vt 0.96214300 0.87022901
vt 0.97862601 0.80650902
vt 0.97862601 0.80650902
vt 0.98334599 0.74175197
vt 0.98334599 0.74175197
vt 0.97052401 0.68032402
vt 0.94742501 0.50918901
vt 0.94851702 0.50852102
vt 0.94742501 0.50918901
vt 0.94616401 0.51022500
vt 0.94285202 0.51598901
vt 0.94373101 0.51377100
vt 0.94248402 0.51808000
vt 0.94285202 0.51598901
vt 0.94616401 0.51022500
vt 0.94487399 0.51178300
vt 0.94373101 0.51377100
vt 0.94487399 0.51178300
vt 0.94945598 0.50826901
vt 0.95028299 0.50851101
vt 0.94851702 0.50852102
vt 0.94945598 0.50826901
vt 0.94248402 0.51808000
vt 0.94269902 0.51972997
vt 0.94348699 0.52069402
vt 0.94269902 0.51972997
vt 0.95098996 0.50931400
vt 0.95155197 0.51069403
vt 0.95028299 0.50851101
vt 0.95098996 0.50931400
vt 0.94348699 0.52069402
vt 0.94463301 0.52101201
vt 0.94603401 0.52064502
vt 0.94463301 0.52101201
vt 0.95179099 0.51245701
vt 0.95146102 0.51443201
vt 0.95155197 0.51069403
vt 0.95179099 0.51245701
vt 0.94603401 0.52064502
vt 0.94760400 0.51969397
vt 0.94920701 0.51826501
vt 0.94760400 0.51969397
vt 0.94920701 0.51826501
vt 0.95052999 0.51641297
vt 0.95146102 0.51443201
vt 0.95052999 0.51641297
vt 0.95435202 0.50733399
vt 0.95506400 0.51003999
vt 0.95302898 0.50566000
vt 0.95469099 0.51309299
vt 0.95356297 0.51618701
vt 0.94573802 0.50836998
vt 0.94293100 0.51115501
vt 0.94112402 0.51478499
vt 0.94823700 0.52502298
vt 0.94604200 0.52705097
vt 0.95035797 0.52220601
vt 0.93991899 0.52316499
vt 0.94077802 0.52598399
vt 0.94223601 0.52757901
vt 0.94003099 0.51915699
vt 0.95037997 0.50566798
vt 0.94835997 0.50665498
vt 0.95179200 0.50528300
vt 0.95210600 0.51919401
vt 0.94408000 0.52799702
vt 0.95513600 0.50508499
vt 0.95545799 0.50879902
vt 0.95399600 0.50304800
vt 0.95494699 0.51288998
vt 0.95357102 0.51672399
vt 0.94039202 0.50970399
vt 0.94395900 0.50592601
vt 0.93748701 0.51405299
vt 0.94696498 0.52715200
vt 0.94374299 0.52968502
vt 0.94986302 0.52392000
vt 0.93626302 0.52836299
vt 0.93483102 0.52498901
vt 0.93851501 0.53035802
vt 0.93544000 0.52032697
vt 0.94723499 0.50411600
vt 0.94982302 0.50329500
vt 0.95203400 0.50295502
vt 0.95188200 0.52041000
vt 0.94102800 0.53078997
vt 0.95637602 0.50719398
vt 0.95625502 0.50186902
vt 0.95543599 0.51228201
vt 0.95378000 0.51667899
vt 0.87432098 0.26052904
vt 0.87456995 0.25835699
vt 0.87064201 0.26251400
vt 0.87520498 0.26209104
vt 0.87023199 0.26012897
vt 0.87417996 0.27434897
vt 0.87808800 0.27537704
vt 0.87528199 0.28424799
vt 0.87912798 0.28419399
vt 0.87645102 0.26814604
vt 0.87175995 0.26762998
vt 0.87919599 0.27088702
vt 0.87549597 0.26539099
vt 0.89310098 0.28442001
vt 0.89228702 0.27132601
vt 0.87994701 0.28413099
vt 0.87730902 0.24215800
vt 0.86977202 0.24164701
vt 0.86225498 0.21939898
vt 0.85557503 0.21843803
vt 0.84943998 0.21084499
vt 0.86243200 0.23962098
vt 0.84990102 0.24023497
vt 0.86319399 0.26632100
vt 0.86731499 0.24451101
vt 0.87621200 0.26567501
vt 0.88042301 0.28345096
vt 0.86671799 0.28308904
vt 0.86319399 0.26632100
vt 0.87049800 0.25429296
vt 0.86243200 0.23962098
vt 0.86390400 0.25379097
vt 0.87023401 0.27050400
vt 0.86390400 0.25379097
vt 0.86480498 0.27060699
vt 0.87864500 0.27023000
vt 0.87985200 0.25405002
vt 0.89464098 0.24323499
vt 0.88581902 0.24252099
vt 0.88490802 0.22155899
vt 0.87478000 0.21980202
vt 0.85385501 0.20518899
vt 0.86803800 0.20456499
vt 0.85665399 0.20957696
vt 0.87097502 0.21042401
vt 0.88230300 0.20852697
vt 0.88502699 0.21280998
vt 0.86934298 0.20718098
vt 0.85535401 0.20590103
vt 0.87986201 0.24632597
vt 0.87281698 0.22146297
vt 0.85940897 0.21850002
vt 0.88582599 0.22534400
vt 0.89181298 0.24822301
vt 0.88674200 0.26682198
vt 0.89788902 0.26988101
vt 0.89043403 0.28333700
vt 0.90219098 0.28320199
vt 0.88726699 0.26998496
vt 0.88848597 0.25380599
vt 0.89786500 0.26973403
vt 0.89700300 0.25387096
vt 0.89088899 0.21431303
vt 0.89056700 0.21381998
vt 0.88733602 0.21147203
vt 0.93582702 0.24502701
vt 0.94838601 0.25972700
vt 0.94050199 0.24733901
vt 0.95213503 0.26124299
vt 0.93589199 0.25790298
vt 0.92947698 0.24693704
vt 0.95514101 0.27193499
vt 0.95123702 0.27168703
vt 0.95610702 0.28270501
vt 0.95169699 0.28244501
vt 0.94153500 0.28252000
vt 0.93997097 0.27103102
vt 0.96374500 0.26693904
vt 0.95579100 0.24817300
vt 0.97143400 0.26621401
vt 0.96376997 0.24670804
vt 0.94855398 0.23596102
vt 0.95522398 0.23483503
vt 0.88610703 0.25177598
vt 0.88730597 0.25713998
vt 0.89639598 0.24517399
vt 0.90157801 0.25351298
vt 0.89393502 0.23445898
vt 0.89330602 0.24162501
vt 0.88488001 0.25933301
vt 0.89568198 0.25628698
vt 0.89852399 0.27424800
vt 0.88736302 0.27511901
vt 0.89721698 0.26598096
vt 0.88595200 0.26722002
vt 0.88829201 0.28401697
vt 0.89978200 0.28378797
vt 0.89355701 0.22447300
vt 0.90338397 0.24426299
vt 0.90983403 0.24521202
vt 0.90411699 0.22640198
vt 0.89845198 0.23231500
vt 0.90535998 0.24228901
vt 0.90847498 0.23146999
vt 0.91490102 0.24109000
vt 0.91211700 0.25140202
vt 0.92110997 0.24982399
vt 0.89410502 0.22347701
vt 0.90510297 0.22363400
vt 0.89220899 0.22471499
vt 0.89162701 0.22378302
vt 0.89478499 0.21772802
vt 0.90403199 0.21882498
vt 0.91674501 0.25918800
vt 0.90529197 0.26091999
vt 0.92567897 0.25754201
vt 0.91931200 0.27026403
vt 0.92759800 0.26990402
vt 0.90916502 0.27037203
vt 0.92301798 0.23173201
vt 0.93144798 0.23649096
vt 0.92222899 0.24825400
vt 0.92747402 0.25071299
vt 0.93147498 0.25299799
vt 0.93913198 0.24372101
vt 0.94139498 0.23675901
vt 0.94177401 0.24317998
vt 0.95302802 0.24262500
vt 0.95118099 0.24756998
vt 0.94344199 0.24996102
vt 0.94971901 0.25141203
vt 0.93552202 0.24909002
vt 0.93226898 0.24139798
vt 0.93013602 0.23439503
vt 0.92944598 0.22839403
vt 0.94215101 0.23084700
vt 0.92937201 0.22443300
vt 0.94278699 0.22701597
vt 0.95484799 0.23790801
vt 0.92285699 0.25652701
vt 0.92795497 0.25809801
vt 0.92516601 0.26964104
vt 0.92977601 0.27026296
vt 0.93312997 0.25906599
vt 0.93543100 0.27089900
vt 0.94570297 0.25740302
vt 0.93809098 0.25686699
vt 0.95302397 0.25786602
vt 0.94871402 0.26947200
vt 0.95757502 0.26967704
vt 0.94080502 0.26945400
vt 0.94495302 0.25389802
vt 0.95020801 0.26927799
vt 0.95795602 0.25641799
vt 0.96466100 0.26945496
vt 0.96130699 0.25371099
vt 0.96895999 0.26820898
vt 0.90289199 0.24998701
vt 0.89774501 0.22884899
vt 0.90859598 0.23183399
vt 0.91273499 0.25219703
vt 0.89484996 0.22180998
vt 0.90623999 0.22690302
vt 0.89712203 0.22422701
vt 0.90860701 0.22874200
vt 0.90308201 0.24236101
vt 0.90680897 0.25610304
vt 0.91949397 0.26460600
vt 0.90831101 0.26531500
vt 0.91723698 0.25513303
vt 0.90745401 0.26902497
vt 0.91648698 0.26904297
vt 0.91153097 0.28304398
vt 0.91959298 0.28289998
vt 0.90941900 0.27340496
vt 0.91147602 0.28336000
vt 0.92057097 0.27304101
vt 0.92215699 0.28321803
vt 0.92211401 0.25503898
vt 0.92006201 0.23886299
vt 0.92105198 0.23447204
vt 0.92377502 0.23537999
vt 0.93489498 0.26375300
vt 0.92936897 0.25398302
vt 0.92798799 0.28273702
vt 0.92515999 0.26960802
vt 0.93738598 0.27294701
vt 0.93851501 0.28317702
vt 0.90563399 0.25450999
vt 0.91215599 0.25464797
vt 0.90690297 0.26965404
vt 0.91562402 0.26930296
vt 0.93426198 0.26958096
vt 0.93199301 0.25685501
vt 0.92851299 0.24900997
vt 0.92851198 0.22321200
vt 0.91712803 0.22040600
vt 0.91672498 0.22076702
vt 0.90410000 0.21797299
vt 0.91408801 0.22839099
vt 0.91636300 0.24644101
vt 0.91861701 0.23227000
vt 0.92348701 0.24078399
vt 0.93824798 0.22776997
vt 0.89282101 0.21632099
vt 0.84454203 0.20603096
vt 0.84943998 0.21084499
vt 0.87432200 0.21226299
vt 0.86480498 0.27060699
vt 0.86479497 0.28593200
vt 0.87058097 0.28640300
vt 0.87737697 0.28573596
vt 0.88792402 0.28553200
vt 0.89882302 0.28531098
vt 0.90867198 0.28511500
vt 0.91742498 0.28495699
vt 0.92121601 0.26922399
vt 0.92291397 0.28490603
vt 0.92666501 0.28491199
vt 0.93075800 0.28492796
vt 0.93638802 0.28496003
vt 0.95283699 0.28493601
vt 0.96786702 0.28472400
vt 0.97159302 0.26672304
vt 0.97655600 0.28433800
vt 0.97616100 0.28449702
vt 0.97368598 0.28422296
vt 0.96802902 0.28416896
vt 0.96003300 0.28415400
vt 0.95077503 0.28413796
vt 0.94249398 0.28412104
vt 0.93618202 0.28412300
vt 0.92980897 0.28415799
vt 0.92096800 0.28422296
vt 0.91011101 0.28429198
vt 0.95294303 0.27220404
vt 0.95001900 0.26214802
vt 0.95397598 0.28287899
vt 0.90090901 0.22961700
vt 0.88964200 0.21710199
vt 0.91206801 0.23408496
vt 0.91356200 0.24373502
vt 0.92522699 0.23976302
vt 0.92310995 0.24550903
vt 0.91678602 0.22500700
vt 0.94037199 0.24984002
vt 0.96356797 0.25013798
vt 0.84943998 0.21084499
vt 0.88808101 0.26421702
vt 0.91811800 0.25498796
vt 0.95396900 0.51438600
vt 0.95547700 0.51306498
vt 0.95427197 0.51290202
vt 0.95550901 0.51163203
vt 0.95656198 0.51015097
vt 0.95752800 0.50623697
vt 0.95740098 0.50010401
vt 0.95754099 0.50582999
vt 0.95732301 0.49890101
vt 0.95668399 0.49689603
vt 0.95642501 0.49279404
vt 0.95592201 0.48932999
vt 0.95641297 0.49293804
vt 0.95560497 0.48979104
vt 0.95402998 0.48368502
vt 0.95530200 0.48478800
vt 0.95225102 0.48052901
vt 0.84454203 0.20603096
vt 0.84412599 0.20925903
vt 0.84990102 0.24023497
vt 0.84495097 0.22128600
vt 0.95533502 0.48620403
vt 0.84495097 0.22128600
vt 0.84412599 0.20925903
vt 0.95553899 0.48615396
vt 0.95487702 0.48532498
vt 0.95550901 0.51163203
vt 0.95668697 0.50894701
vt 0.95668697 0.50894701
vt 0.95754099 0.50582999
vt 0.95732301 0.49890101
vt 0.95675397 0.49568701
vt 0.95675397 0.49568701
vt 0.95641297 0.49293804
vt 0.95560497 0.48979104
vt 0.95504498 0.48738700
vt 0.95504498 0.48738700
vt 0.95553899 0.48615396
vt 0.88676900 0.21630800
vt 0.87298501 0.21571803
vt 0.87784797 0.50518203
vt 0.87765199 0.50058198
vt 0.87737000 0.50450599
vt 0.87741202 0.50024301
vt 0.87697399 0.50343698
vt 0.87721801 0.49970299
vt 0.87667996 0.50202298
vt 0.87706298 0.49899399
vt 0.87650102 0.50032997
vt 0.87697899 0.49814200
vt 0.87644601 0.49843800
vt 0.87695998 0.49719101
vt 0.87652200 0.49643600
vt 0.87700599 0.49618602
vt 0.87672800 0.49441999
vt 0.87711501 0.49517399
vt 0.87728101 0.49420398
vt 0.87705398 0.49248803
vt 0.87749797 0.49331999
vt 0.87747902 0.49072999
vt 0.87799901 0.48919702
vt 0.87776703 0.49254596
vt 0.87871897 0.48780799
vt 0.87814403 0.49187899
vt 0.87923497 0.48742300
vt 0.87840199 0.49172497
vt 0.87864298 0.50968599
vt 0.87793398 0.50868601
vt 0.87734801 0.50710100
vt 0.87691200 0.50500500
vt 0.87664700 0.50249702
vt 0.87656498 0.49969399
vt 0.87666899 0.49672699
vt 0.87695599 0.49373400
vt 0.87741601 0.49085903
vt 0.87804502 0.48825097
vt 0.87880301 0.48598802
vt 0.87989098 0.48389000
vt 0.88065201 0.48325300
vt 0.88000399 0.51403803
vt 0.87907499 0.51272702
vt 0.87830698 0.51064903
vt 0.87773597 0.50790298
vt 0.87738800 0.50461602
vt 0.87728000 0.50094199
vt 0.87741697 0.49705398
vt 0.87779301 0.49313200
vt 0.87838900 0.48935997
vt 0.87921399 0.48594701
vt 0.88019902 0.48298901
vt 0.88162297 0.48031402
vt 0.88264102 0.47940499
vt 0.88191098 0.51817203
vt 0.88077497 0.51656902
vt 0.87983602 0.51402998
vt 0.87913799 0.51067299
vt 0.87871301 0.50665498
vt 0.87858200 0.50216502
vt 0.87874901 0.49741197
vt 0.87920797 0.49261796
vt 0.87995499 0.48802102
vt 0.88100100 0.48389900
vt 0.88230997 0.48036700
vt 0.88390899 0.47731000
vt 0.88513499 0.47592604
vt 0.88433599 0.52203000
vt 0.88301098 0.52015901
vt 0.88191497 0.51719499
vt 0.88110000 0.51327598
vt 0.88060397 0.50858599
vt 0.88044995 0.50334400
vt 0.88064599 0.49779499
vt 0.88118100 0.49219900
vt 0.88205898 0.48684001
vt 0.88325697 0.48201704
vt 0.88477200 0.47787201
vt 0.88682801 0.47433102
vt 0.88811600 0.47237700
vt 0.88724500 0.52555400
vt 0.88574898 0.52344197
vt 0.88451201 0.52009600
vt 0.88359201 0.51567298
vt 0.88303202 0.51037902
vt 0.88285798 0.50446200
vt 0.88307899 0.49819899
vt 0.88368303 0.49188197
vt 0.88465601 0.48581898
vt 0.88597602 0.48033398
vt 0.88777101 0.47564399
vt 0.88896197 0.47209597
vt 0.89059401 0.52869397
vt 0.88894898 0.52637202
vt 0.88758898 0.52269298
vt 0.88657802 0.51783001
vt 0.88596201 0.51200902
vt 0.88577098 0.50550401
vt 0.88601398 0.49861699
vt 0.88667798 0.49167204
vt 0.88773400 0.48499203
vt 0.88916099 0.47894502
vt 0.89100498 0.47412395
vt 0.89433497 0.53140301
vt 0.89256501 0.52890497
vt 0.89110202 0.52494699
vt 0.89001399 0.51971400
vt 0.88935101 0.51345199
vt 0.88914597 0.50645298
vt 0.88940698 0.49904299
vt 0.89012200 0.49157101
vt 0.89125800 0.48438400
vt 0.89281499 0.47797799
vt 0.89469498 0.47336304
vt 0.89841300 0.53364301
vt 0.89654398 0.53100401
vt 0.89499903 0.52682501
vt 0.89384997 0.52129996
vt 0.89315099 0.51468700
vt 0.89293402 0.50729501
vt 0.89320898 0.49947202
vt 0.89396501 0.49158096
vt 0.89516401 0.48399198
vt 0.89686000 0.47738701
vt 0.89886498 0.47307599
vt 0.90276897 0.53538001
vt 0.90082902 0.53263998
vt 0.89922398 0.52829999
vt 0.89803100 0.52256203
vt 0.89730501 0.51569498
vt 0.89707899 0.50801998
vt 0.89736599 0.49989498
vt 0.89814997 0.49170101
vt 0.89939600 0.48382103
vt 0.90144902 0.47707403
vt 0.90381902 0.47297597
vt 0.90969902 0.53692001
vt 0.90770698 0.53410900
vt 0.90606099 0.52965498
vt 0.90483600 0.52376699
vt 0.90409100 0.51672101
vt 0.90385997 0.50884402
vt 0.90415299 0.50050700
vt 0.90495801 0.49209899
vt 0.90623701 0.48401201
vt 0.90800798 0.47712898
vt 0.91003400 0.47319800
vt 0.91685402 0.53736001
vt 0.91486996 0.53455901
vt 0.91323000 0.53012198
vt 0.91416401 0.52446502
vt 0.91316402 0.51819599
vt 0.91343701 0.51133996
vt 0.91132998 0.50107998
vt 0.91213101 0.49270296
vt 0.91340500 0.48464596
vt 0.91512996 0.47782999
vt 0.91699398 0.47362304
vt 0.92166001 0.53691101
vt 0.91971898 0.53417200
vt 0.91916996 0.52928400
vt 0.91717201 0.50529599
vt 0.91983801 0.49640596
vt 0.92090398 0.48622900
vt 0.92237997 0.47922504
vt 0.92426300 0.47461402
vt 0.92640501 0.53591299
vt 0.92482799 0.53224498
vt 0.93101901 0.53437799
vt 0.92968601 0.53187996
vt 0.92796999 0.48772401
vt 0.92759901 0.49589396
vt 0.92936599 0.48073399
vt 0.93192500 0.47516704
vt 0.93543500 0.53232998
vt 0.93438697 0.53037900
vt 0.93323201 0.48897696
vt 0.93276399 0.49606502
vt 0.93473601 0.48215902
vt 0.93760198 0.47688699
vt 0.93958998 0.52979898
vt 0.93884802 0.52779800
vt 0.93773097 0.49024904
vt 0.93696398 0.49652302
vt 0.93921500 0.48412299
vt 0.94242102 0.47937900
vt 0.94342101 0.52682102
vt 0.94272202 0.52459300
vt 0.94232899 0.49143499
vt 0.94206995 0.49701297
vt 0.94359899 0.48751104
vt 0.94693297 0.48275799
vt 0.94534200 0.47681499
vt 0.94975603 0.48097599
vt 0.94065201 0.47378302
vt 0.94756401 0.52139503
vt 0.94659996 0.52027702
vt 0.94951802 0.51792800
vt 0.95132399 0.51489800
vt 0.69942302 0.80925298
vt 0.71011102 0.86004400
vt 0.76746798 0.81471997
vt 0.76992100 0.85879999
vt 0.66968799 0.86051399
vt 0.65188497 0.80110902
vt 0.73229301 0.90297502
vt 0.70645303 0.91148400
vt 0.77629203 0.89567798
vt 0.70878702 0.70777702
vt 0.69932902 0.75706202
vt 0.77260202 0.72195399
vt 0.76884598 0.76777202
vt 0.65043300 0.74051201
vt 0.66488701 0.68639499
vt 0.74710697 0.63049698
vt 0.72575301 0.66486800
vt 0.78169298 0.64616001
vt 0.77728802 0.68039995
vt 0.69222802 0.64264798
vt 0.72531801 0.60912699
vt 0.77035803 0.60769200
vt 0.78207201 0.62298298
vt 0.80056000 0.59939998
vt 0.80056202 0.61467499
vt 0.76123399 0.58730900
vt 0.80092800 0.57907301
vt 0.86139899 0.63022298
vt 0.88429999 0.60923100
vt 0.83319199 0.60747802
vt 0.84313601 0.58672500
vt 0.82119995 0.62272197
vt 0.82664502 0.64596099
vt 0.88490701 0.66589999
vt 0.83506900 0.68041801
vt 0.90122598 0.71044803
vt 0.84087199 0.72229701
vt 0.94596398 0.69352597
vt 0.92029899 0.64559400
vt 0.90820903 0.76054400
vt 0.84246701 0.76842302
vt 0.90503901 0.81282502
vt 0.84020901 0.81545401
vt 0.95294702 0.80921900
vt 0.95748699 0.74958801
vt 0.89370501 0.86145902
vt 0.83618701 0.85917503
vt 0.87619799 0.90199298
vt 0.83254099 0.89531702
vt 0.90465897 0.90974200
vt 0.93421298 0.86446202
vt 0.85048199 0.92930800
vt 0.83283299 0.91962701
vt 0.81088299 0.94021302
vt 0.80827498 0.92904902
vt 0.81549400 0.95580697
vt 0.86573499 0.94027698
vt 0.76716298 0.93134201
vt 0.78106898 0.92057198
vt 0.75768799 0.94769597
vt 0.92688501 0.51291001
vt 0.92785400 0.51284498
vt 0.92837697 0.51011401
vt 0.92917800 0.51042998
vt 0.93140602 0.50922501
vt 0.93082297 0.50863898
vt 0.92997998 0.51074600
vt 0.93053401 0.52335900
vt 0.93089098 0.52182102
vt 0.92834997 0.52198398
vt 0.92896402 0.52060699
vt 0.92844099 0.51746702
vt 0.92759699 0.51852000
vt 0.92957902 0.51922899
vt 0.92675298 0.51957297
vt 0.92617899 0.51625502
vt 0.92719501 0.51571000
vt 0.92882299 0.51278102
vt 0.92821097 0.51516497
vt 0.93237400 0.50668198
vt 0.93023902 0.50805300
vt 0.93265700 0.50743902
vt 0.93451703 0.50753599
vt 0.93450999 0.50670701
vt 0.93293995 0.50819600
vt 0.93450201 0.50587797
vt 0.93656701 0.50559199
vt 0.93631703 0.50645602
vt 0.93606699 0.50731999
vt 0.93754601 0.50757802
vt 0.93807000 0.50674802
vt 0.93890101 0.50842202
vt 0.94003600 0.50988001
vt 0.93977201 0.50787902
vt 0.94108802 0.50972599
vt 0.94071299 0.50731403
vt 0.93859398 0.50592601
vt 0.94291097 0.51199800
vt 0.94226903 0.50949103
vt 0.94175500 0.51188803
vt 0.94077402 0.51181799
vt 0.94086701 0.51398098
vt 0.94172400 0.51423699
vt 0.94169599 0.51714897
vt 0.94267398 0.51459199
vt 0.94089800 0.51661903
vt 0.94009900 0.51608998
vt 0.93866700 0.51797301
vt 0.93926698 0.51880699
vt 0.93754697 0.52173901
vt 0.93986797 0.51964098
vt 0.93715298 0.52056998
vt 0.93675900 0.51940203
vt 0.93485099 0.52031100
vt 0.93505698 0.52175999
vt 0.93293297 0.52378798
vt 0.93526298 0.52320898
vt 0.93298501 0.52219599
vt 0.93303800 0.52060401
vt 0.93124801 0.52028400
vt 0.71506500 0.59270996
vt 0.67800099 0.62732100
vt 0.67800099 0.62732100
vt 0.64791602 0.67237300
vt 0.62852597 0.79732102
vt 0.64898801 0.86535501
vt 0.64898801 0.86535501
vt 0.69391602 0.92227399
vt 0.64791602 0.67237300
vt 0.62759000 0.72927797
vt 0.62759000 0.72927797
vt 0.62852597 0.79732102
vt 0.80150801 0.56134200
vt 0.75645697 0.57046300
vt 0.75645697 0.57046300
vt 0.71506500 0.59270996
vt 0.69391602 0.92227399
vt 0.75363499 0.96131599
vt 0.75363499 0.96131599
vt 0.82018203 0.96967602
vt 0.89663601 0.59196502
vt 0.84913599 0.56845999
vt 0.80150801 0.56134200
vt 0.84913599 0.56845999
vt 0.82018203 0.96967602
vt 0.87816000 0.95359802
vt 0.92500007 0.92076397
vt 0.87816000 0.95359802
vt 0.97024202 0.68127698
vt 0.93956995 0.62971801
vt 0.89663601 0.59196502
vt 0.93956995 0.62971801
vt 0.92500007 0.92076397
vt 0.96186101 0.87118101
vt 0.97834301 0.80746102
vt 0.96186101 0.87118101
vt 0.97834301 0.80746102
vt 0.98306400 0.74270499
vt 0.97024202 0.68127698
vt 0.98306400 0.74270499
vt 0.93257302 0.50800699
vt 0.93416101 0.50736701
vt 0.93257302 0.50800699
vt 0.93096399 0.50900799
vt 0.92784101 0.51478702
vt 0.92841101 0.51254302
vt 0.92784101 0.51478702
vt 0.92810601 0.51692802
vt 0.92951500 0.51054597
vt 0.93096399 0.50900799
vt 0.92951500 0.51054597
vt 0.92841101 0.51254302
vt 0.93567097 0.50716901
vt 0.93708098 0.50743800
vt 0.93567097 0.50716901
vt 0.93416101 0.50736701
vt 0.92810601 0.51692802
vt 0.92909300 0.51863998
vt 0.92909300 0.51863998
vt 0.93070996 0.51967102
vt 0.93835098 0.50829798
vt 0.93939996 0.50972301
vt 0.93835098 0.50829798
vt 0.93708098 0.50743800
vt 0.93070996 0.51967102
vt 0.93255198 0.52004498
vt 0.93255198 0.52004498
vt 0.93443400 0.51971501
vt 0.94007897 0.51151901
vt 0.94011301 0.51351899
vt 0.94007897 0.51151901
vt 0.93939996 0.50972301
vt 0.93443400 0.51971501
vt 0.93633598 0.51879197
vt 0.93633598 0.51879197
vt 0.93811601 0.51737702
vt 0.93940502 0.51552099
vt 0.93811601 0.51737702
vt 0.93940502 0.51552099
vt 0.94011301 0.51351899
vt 0.94363803 0.50896502
vt 0.94194299 0.50631100
vt 0.93907100 0.50453103
vt 0.94387996 0.51542997
vt 0.94433498 0.51216501
vt 0.92794400 0.50696301
vt 0.92506897 0.50971502
vt 0.92323101 0.51334900
vt 0.93527102 0.52618897
vt 0.93822902 0.52422202
vt 0.94083899 0.52144700
vt 0.92348403 0.52184802
vt 0.92573100 0.52477902
vt 0.92878902 0.52650201
vt 0.92259699 0.51776099
vt 0.93395996 0.50438499
vt 0.93102902 0.50530201
vt 0.93653399 0.50408798
vt 0.94276899 0.51841301
vt 0.93211597 0.52703899
vt 0.94535100 0.50756800
vt 0.94308901 0.50374401
vt 0.93989599 0.50201797
vt 0.94611800 0.51181102
vt 0.94535398 0.51601499
vt 0.92528898 0.50471199
vt 0.92096198 0.50814998
vt 0.91838497 0.51252002
vt 0.93855202 0.52647799
vt 0.93453699 0.52894801
vt 0.94180900 0.52328300
vt 0.92170203 0.52719599
vt 0.91830498 0.52366501
vt 0.92595899 0.52935201
vt 0.91721201 0.51886702
vt 0.93307799 0.50172198
vt 0.92934901 0.50250798
vt 0.93644702 0.50160903
vt 0.94389600 0.51987797
vt 0.93030900 0.52993101
vt 0.94800502 0.50560701
vt 0.94487101 0.49939203
vt 0.94780600 0.51606202
vt 0.94909996 0.51119101
vt 0.87934601 0.30987096
vt 0.87583297 0.30604601
vt 0.87565398 0.30814397
vt 0.87900698 0.30640697
vt 0.87629497 0.29413599
vt 0.87897700 0.29303300
vt 0.87617499 0.30109400
vt 0.87981200 0.30039901
vt 0.88219798 0.29745400
vt 0.88025397 0.30344999
vt 0.89317501 0.29768699
vt 0.85918099 0.35062099
vt 0.87291598 0.32733202
vt 0.86581701 0.34962898
vt 0.88025200 0.32649499
vt 0.86571300 0.33042204
vt 0.85282201 0.35920501
vt 0.87709701 0.30143899
vt 0.86405498 0.30109298
vt 0.86925697 0.32294297
vt 0.85281903 0.32781601
vt 0.86671799 0.28308904
vt 0.86405498 0.30109298
vt 0.86571300 0.33042204
vt 0.87267900 0.31623000
vt 0.86611801 0.31719398
vt 0.86565799 0.30115199
vt 0.87130499 0.30156201
vt 0.86611801 0.31719398
vt 0.87951601 0.30092704
vt 0.88199800 0.31580198
vt 0.87830102 0.34896898
vt 0.88847899 0.32611400
vt 0.88826197 0.34741104
vt 0.89704698 0.32551098
vt 0.85701901 0.36393797
vt 0.86038101 0.35999900
vt 0.87201500 0.36419702
vt 0.87465501 0.35869098
vt 0.88862902 0.35580003
vt 0.88609701 0.35963202
vt 0.87290698 0.36101103
vt 0.85812801 0.36229002
vt 0.88170600 0.32082403
vt 0.87590301 0.34607899
vt 0.86242300 0.34929502
vt 0.89355600 0.31863797
vt 0.88871402 0.34197199
vt 0.88756400 0.30004096
vt 0.89855403 0.29674399
vt 0.88814700 0.30067396
vt 0.89871502 0.30028296
vt 0.89047998 0.31568599
vt 0.89883000 0.31538999
vt 0.89438301 0.35379499
vt 0.89406502 0.35412896
vt 0.89092100 0.35625398
vt 0.95289999 0.30427200
vt 0.94952101 0.30553299
vt 0.94217098 0.31834304
vt 0.93770498 0.32086301
vt 0.93712199 0.30759001
vt 0.93125898 0.31890297
vt 0.95573497 0.29352796
vt 0.95177197 0.29329896
vt 0.94054401 0.29418099
vt 0.96462399 0.30243504
vt 0.97233701 0.30269504
vt 0.95759398 0.32099700
vt 0.96563399 0.32196403
vt 0.95766300 0.33335102
vt 0.95095098 0.33275902
vt 0.90438801 0.31456399
vt 0.88789201 0.31233799
vt 0.89768499 0.32330900
vt 0.88893598 0.31624299
vt 0.87864101 0.30812901
vt 0.89570999 0.32606304
vt 0.89626497 0.33354104
vt 0.88764697 0.30891097
vt 0.89695799 0.31197298
vt 0.89796299 0.30193496
vt 0.88770300 0.30102897
vt 0.89888299 0.29328501
vt 0.88787800 0.29293001
vt 0.89673102 0.34446800
vt 0.90556699 0.32468599
vt 0.90699100 0.34248501
vt 0.91179103 0.32425100
vt 0.90090799 0.33559597
vt 0.91104299 0.33629501
vt 0.90705401 0.32596803
vt 0.91714299 0.32667500
vt 0.92328501 0.31807995
vt 0.91518402 0.31603396
vt 0.90808797 0.34418702
vt 0.89710301 0.34453601
vt 0.89514202 0.34314400
vt 0.89460701 0.34415400
vt 0.89810598 0.35044301
vt 0.90726000 0.34918100
vt 0.90787101 0.30837399
vt 0.91839802 0.30959797
vt 0.92704898 0.31081796
vt 0.92830497 0.29844201
vt 0.92000401 0.29818201
vt 0.90992701 0.29824299
vt 0.92916203 0.31887197
vt 0.93382597 0.33257198
vt 0.92403603 0.32125401
vt 0.92562902 0.33719099
vt 0.94115800 0.32554996
vt 0.93305099 0.31665802
vt 0.94372702 0.33097100
vt 0.95507503 0.32526898
vt 0.94379097 0.32462901
vt 0.95298302 0.32035899
vt 0.95133197 0.31656802
vt 0.94512600 0.31796002
vt 0.93724799 0.31879801
vt 0.93437302 0.32635903
vt 0.93258399 0.33327299
vt 0.93219197 0.33929998
vt 0.93231797 0.34342098
vt 0.94477600 0.33688700
vt 0.94560701 0.34089303
vt 0.95712900 0.33006001
vt 0.92426199 0.31325501
vt 0.92592198 0.30016398
vt 0.92928302 0.31172401
vt 0.93050200 0.29957902
vt 0.93612599 0.29896903
vt 0.93440998 0.31077397
vt 0.93944198 0.31139600
vt 0.94702697 0.31084901
vt 0.95432299 0.31033397
vt 0.95829099 0.29859698
vt 0.94944000 0.29881901
vt 0.94153202 0.29883200
vt 0.94648302 0.31570303
vt 0.95098102 0.30051196
vt 0.96975100 0.30015898
vt 0.96538800 0.29880702
vt 0.96281099 0.31447899
vt 0.95932597 0.31173801
vt 0.90454102 0.31659800
vt 0.90045202 0.33815998
vt 0.91426802 0.31408799
vt 0.91114599 0.33481896
vt 0.91082698 0.33848298
vt 0.90904498 0.34021401
vt 0.90004301 0.34336698
vt 0.89791799 0.34570301
vt 0.90508199 0.32482600
vt 0.90771401 0.31183600
vt 0.90905201 0.30192000
vt 0.91874897 0.31151301
vt 0.92023599 0.30184603
vt 0.90815502 0.29733199
vt 0.91718000 0.29703498
vt 0.90993100 0.29343998
vt 0.92040998 0.29344404
vt 0.92349601 0.31087899
vt 0.92225301 0.32737803
vt 0.92346901 0.33207601
vt 0.92592299 0.33126199
vt 0.93058300 0.31215298
vt 0.93497401 0.30250299
vt 0.92581701 0.29613996
vt 0.93757999 0.29342496
vt 0.91639799 0.30053699
vt 0.91365302 0.31510299
vt 0.90770602 0.30010104
vt 0.90727699 0.31477600
vt 0.93498397 0.29871404
vt 0.93334401 0.31140697
vt 0.93031198 0.31890202
vt 0.93152899 0.34505498
vt 0.92028302 0.34781700
vt 0.91985297 0.34707499
vt 0.90737897 0.35040200
vt 0.91686302 0.34046698
vt 0.91825902 0.32302499
vt 0.92116600 0.33534598
vt 0.92558402 0.32701397
vt 0.94104397 0.34068501
vt 0.89626497 0.35218596
vt 0.85282201 0.35920501
vt 0.84711802 0.36308700
vt 0.87792301 0.35551101
vt 0.86479497 0.28593200
vt 0.86565799 0.30115199
vt 0.92199200 0.30055404
vt 0.97246301 0.30186701
vt 0.95346600 0.29358304
vt 0.95082802 0.30365801
vt 0.89295101 0.35075903
vt 0.90325999 0.33798301
vt 0.91559601 0.32297397
vt 0.91416997 0.33303601
vt 0.92731202 0.32670099
vt 0.92503995 0.32090402
vt 0.91969901 0.34266198
vt 0.94187099 0.31600296
vt 0.96525401 0.31822097
vt 0.85282201 0.35920501
vt 0.88995600 0.30614698
vt 0.91959798 0.31475496
vt 0.95321500 0.51126403
vt 0.95269799 0.51270097
vt 0.95427197 0.51290202
vt 0.95113498 0.50883996
vt 0.95086801 0.50441402
vt 0.94603199 0.49781096
vt 0.95039999 0.50469202
vt 0.94615501 0.49879003
vt 0.94410801 0.49601501
vt 0.94596601 0.48908603
vt 0.94549698 0.48860598
vt 0.94468099 0.49218297
vt 0.94429100 0.49198401
vt 0.95134503 0.48425996
vt 0.84711802 0.36308700
vt 0.84589100 0.35918099
vt 0.85281903 0.32781601
vt 0.84732199 0.34669501
vt 0.94838601 0.48529303
vt 0.84589100 0.35918099
vt 0.84732199 0.34669501
vt 0.95487702 0.48532498
vt 0.95290703 0.48594296
vt 0.95321500 0.51126403
vt 0.95201302 0.50775498
vt 0.95201302 0.50775498
vt 0.95086801 0.50441402
vt 0.94460601 0.49476600
vt 0.94603199 0.49781096
vt 0.94468099 0.49218297
vt 0.94460601 0.49476600
vt 0.94856000 0.48675096
vt 0.94596601 0.48908603
vt 0.95290703 0.48594296
vt 0.94856000 0.48675096
vt 0.89011198 0.35132998
vt 0.87636000 0.35203898
vt 0.88996702 0.44896603
vt 0.87853098 0.49169499
vt 0.87957197 0.48729998
vt 0.88118899 0.48303401
vt 0.88335901 0.47905898
vt 0.88597000 0.47543597
vt 0.82645100 0.42741597
vt 0.88975799 0.47211504
vt 0.88174802 0.48295903
vt 0.88405401 0.47896802
vt 0.88681102 0.47542900
vt 0.94283497 0.47236502
vt 0.87797499 0.39765799
vt 0.88351500 0.39765096
vt 0.87395102 0.39766401
vt 0.87083101 0.39767098
vt 0.86788899 0.39767396
vt 0.92548198 0.39763403
vt 0.91856200 0.39763904
vt 0.90946501 0.39764202
vt 0.90160298 0.39764601
vt 0.89103401 0.39764500
vt 0.92928797 0.39763701
vt 0.89481199 0.39764500
vt 0.93127298 0.39766204
vt 0.86548996 0.39766800
vt 0.93123502 0.39765501
vt 0.87700301 0.39765799
vt 0.88252902 0.39765000
vt 0.87159503 0.39767098
vt 0.86865902 0.39767098
vt 0.86870700 0.39766699
vt 0.92584503 0.39764404
vt 0.91878402 0.39765704
vt 0.90961403 0.39766598
vt 0.90124899 0.39767003
vt 0.89049798 0.39765596
vt 0.92960995 0.39764297
vt 0.89409900 0.39765596
vt 0.86771101 0.39767098
vt 0.90010297 0.39767897
vt 0.48469600 0.40253800
vt 0.48305801 0.46754301
vt 0.02640900 0.04183602
vt 0.02721100 0.11531997
vt 0.02723100 0.17625898
vt 0.02704100 0.24482501
vt 0.02836000 0.32768101
vt 0.03551400 0.44248796
vt 0.03916100 0.51727998
vt 0.03955500 0.56002897
vt 0.48697299 0.32044500
vt 0.49603301 0.23208201
vt 0.49838600 0.17151898
vt 0.16692699 0.93202698
vt 0.08913100 0.90145999
vt 0.41283900 0.95495498
vt 0.28065401 0.94224995
vt 0.17226499 0.58353400
vt 0.09260400 0.64369398
vt 0.04860200 0.71391302
vt 0.03426900 0.78377497
vt 0.28897300 0.53753000
vt 0.04719700 0.84902698
vt 0.42957401 0.51636100
vt 0.57360202 0.51499498
vt 0.72032702 0.53520501
vt 0.54436499 0.97506797
vt 0.68291801 0.98003697
vt 0.41238201 0.94895899
vt 0.27495301 0.94136000
vt 0.15992899 0.92619097
vt 0.07861400 0.89319700
vt 0.04554600 0.71211201
vt 0.02976300 0.77525800
vt 0.17456800 0.58992600
vt 0.09387100 0.64764798
vt 0.28671500 0.54223299
vt 0.03968200 0.83758700
vt 0.42529601 0.51753402
vt 0.56801599 0.51485097
vt 0.71564901 0.53669500
vt 0.54355502 0.96575999
vt 0.68559402 0.96739101
f 1/1 2/2 3/3
f 3/3 2/2 4/4
f 2/2 1/1 5/5
f 5/5 1/1 6/6
f 7/7 8/8 6/6
f 6/6 8/8 5/5
f 8/8 7/7 9/9
f 9/9 7/7 10/10
f 11/11 12/12 13/13
f 13/13 12/12 14/14
f 12/12 11/11 15/15
f 15/15 11/11 16/16
f 17/17 1/1 18/18
f 18/18 1/1 3/3
f 1/1 17/17 6/6
f 6/6 17/17 19/19
f 17/17 20/20 19/19
f 19/19 20/20 21/21
f 20/20 17/17 22/22
f 22/22 17/17 18/18
f 23/23 7/7 19/19
f 19/19 7/7 6/6
f 7/7 23/23 10/10
f 10/10 23/23 24/24
f 23/23 25/25 24/24
f 24/24 25/25 26/26
f 25/25 23/23 21/21
f 21/21 23/23 19/19
f 27/27 12/12 28/28
f 28/28 12/12 15/15
f 12/12 27/27 14/14
f 14/14 27/27 29/29
f 30/30 31/31 32/32
f 32/32 31/31 33/33
f 31/31 30/30 14/14
f 14/14 30/30 13/13
f 34/34 20/20 35/35
f 35/35 20/20 22/22
f 20/20 34/34 21/21
f 21/21 34/34 36/36
f 34/34 37/37 36/36
f 36/36 37/37 38/38
f 37/37 34/34 39/39
f 39/39 34/34 35/35
f 40/40 31/31 29/29
f 29/29 31/31 14/14
f 31/31 40/40 33/33
f 33/33 40/40 41/41
f 42/42 43/43 33/33
f 33/33 43/43 32/32
f 43/43 42/42 44/44
f 44/44 42/42 45/45
f 46/46 42/42 41/41
f 41/41 42/42 33/33
f 42/42 46/46 45/45
f 45/45 46/46 47/47
f 48/48 49/49 50/50
f 50/50 49/49 51/51
f 51/51 49/49 45/45
f 45/45 49/49 44/44
f 52/52 51/51 47/47
f 47/47 51/51 45/45
f 52/52 53/53 51/51
f 51/51 53/53 50/50
f 54/54 55/55 56/56
f 56/56 55/55 57/57
f 55/55 48/48 57/57
f 57/57 48/48 50/50
f 53/53 58/58 50/50
f 50/50 58/58 57/57
f 58/58 59/59 57/57
f 57/57 59/59 56/56
f 60/60 61/61 62/62
f 62/62 61/61 63/63
f 61/61 54/54 63/63
f 63/63 54/54 56/56
f 59/59 64/64 56/56
f 56/56 64/64 63/63
f 64/64 65/65 63/63
f 63/63 65/65 62/62
f 66/66 67/67 68/68
f 68/68 67/67 69/69
f 68/68 69/69 70/70
f 70/70 69/69 71/71
f 69/69 72/72 71/71
f 71/71 72/72 73/73
f 72/72 69/69 74/74
f 74/74 69/69 67/67
f 75/75 76/76 77/77
f 77/77 76/76 78/78
f 76/76 75/75 79/79
f 79/79 75/75 80/80
f 75/75 68/68 80/80
f 80/80 68/68 70/70
f 68/68 75/75 66/66
f 66/66 75/75 77/77
f 80/80 81/81 79/79
f 79/79 81/81 82/82
f 80/80 70/70 81/81
f 81/81 70/70 83/83
f 84/84 85/85 86/86
f 86/86 85/85 87/87
f 88/88 89/89 90/90
f 90/90 89/89 91/91
f 89/89 92/92 91/91
f 91/91 92/92 93/93
f 85/85 84/84 94/94
f 94/94 84/84 95/95
f 96/96 97/97 98/98
f 98/98 97/97 99/99
f 97/97 84/84 99/99
f 99/99 84/84 86/86
f 84/84 97/97 95/95
f 95/95 97/97 100/100
f 97/97 96/96 100/100
f 100/100 96/96 101/101
f 102/102 103/103 101/101
f 101/101 103/103 100/100
f 103/103 104/104 100/100
f 100/100 104/104 95/95
f 104/104 103/103 105/105
f 105/105 103/103 106/106
f 103/103 102/102 106/106
f 106/106 102/102 107/107
f 108/108 109/109 110/110
f 110/110 109/109 111/111
f 111/111 109/109 112/112
f 112/112 109/109 113/113
f 109/109 102/102 113/113
f 113/113 102/102 101/101
f 109/109 108/108 102/102
f 102/102 108/108 107/107
f 114/114 25/25 36/36
f 36/36 25/25 21/21
f 25/25 114/114 26/26
f 26/26 114/114 115/115
f 114/114 116/116 115/115
f 115/115 116/116 117/117
f 116/116 114/114 38/38
f 38/38 114/114 36/36
f 118/118 119/119 120/120
f 120/120 119/119 121/121
f 119/119 122/122 121/121
f 121/121 122/122 123/123
f 37/37 124/124 38/38
f 38/38 124/124 125/125
f 124/124 126/126 125/125
f 125/125 126/126 127/127
f 126/126 124/124 128/128
f 128/128 124/124 129/129
f 124/124 37/37 129/129
f 129/129 37/37 39/39
f 116/116 130/130 117/117
f 117/117 130/130 131/131
f 130/130 132/132 131/131
f 131/131 132/132 133/133
f 132/132 130/130 127/127
f 127/127 130/130 125/125
f 130/130 116/116 125/125
f 125/125 116/116 38/38
f 134/134 135/135 136/136
f 136/136 135/135 137/137
f 122/122 134/134 123/123
f 123/123 134/134 136/136
f 138/138 139/139 140/140
f 140/140 139/139 141/141
f 142/142 143/143 78/78
f 78/78 143/143 77/77
f 143/143 144/144 77/77
f 77/77 144/144 66/66
f 145/145 146/146 147/147
f 147/147 146/146 148/148
f 146/146 149/149 148/148
f 148/148 149/149 150/150
f 151/151 152/152 153/153
f 153/153 152/152 154/154
f 152/152 60/60 154/154
f 154/154 60/60 62/62
f 155/155 156/156 74/74
f 74/74 156/156 72/72
f 156/156 157/157 72/72
f 72/72 157/157 73/73
f 157/157 156/156 151/151
f 151/151 156/156 152/152
f 156/156 155/155 152/152
f 152/152 155/155 60/60
f 65/65 158/158 62/62
f 62/62 158/158 154/154
f 158/158 159/159 154/154
f 154/154 159/159 153/153
f 160/160 83/83 71/71
f 71/71 83/83 70/70
f 71/71 73/73 160/160
f 160/160 73/73 161/161
f 162/162 163/163 93/93
f 93/93 163/163 91/91
f 163/163 164/164 91/91
f 91/91 164/164 90/90
f 164/164 163/163 150/150
f 150/150 163/163 148/148
f 163/163 162/162 148/148
f 148/148 162/162 147/147
f 165/165 166/166 167/167
f 167/167 166/166 168/168
f 166/166 169/169 168/168
f 168/168 169/169 170/170
f 169/169 166/166 112/112
f 112/112 166/166 111/111
f 166/166 165/165 111/111
f 111/111 165/165 110/110
f 171/171 172/172 162/162
f 162/162 172/172 147/147
f 173/173 174/174 105/105
f 105/105 174/174 104/104
f 174/174 94/94 104/104
f 104/104 94/94 95/95
f 92/92 171/171 93/93
f 93/93 171/171 162/162
f 113/113 175/175 112/112
f 112/112 175/175 169/169
f 169/169 175/175 170/170
f 170/170 175/175 176/176
f 175/175 96/96 176/176
f 176/176 96/96 98/98
f 96/96 175/175 101/101
f 101/101 175/175 113/113
f 159/159 177/177 153/153
f 153/153 177/177 178/178
f 177/177 179/179 178/178
f 178/178 179/179 180/180
f 181/181 182/182 183/183
f 183/183 182/182 161/161
f 182/182 181/181 184/184
f 184/184 181/181 185/185
f 181/181 186/186 185/185
f 185/185 186/186 187/187
f 186/186 181/181 151/151
f 151/151 181/181 183/183
f 187/187 186/186 180/180
f 180/180 186/186 178/178
f 178/178 186/186 153/153
f 153/153 186/186 151/151
f 182/182 188/188 161/161
f 161/161 188/188 160/160
f 188/188 189/189 160/160
f 160/160 189/189 83/83
f 189/189 188/188 190/190
f 190/190 188/188 191/191
f 188/188 182/182 191/191
f 191/191 182/182 184/184
f 192/192 193/193 16/16
f 16/16 193/193 15/15
f 194/194 195/195 196/196
f 196/196 195/195 197/197
f 195/195 192/192 197/197
f 197/197 192/192 16/16
f 198/198 199/199 4/4
f 4/4 199/199 3/3
f 193/193 200/200 15/15
f 15/15 200/200 28/28
f 201/201 202/202 197/197
f 197/197 202/202 196/196
f 202/202 201/201 203/203
f 203/203 201/201 204/204
f 201/201 11/11 204/204
f 204/204 11/11 13/13
f 11/11 201/201 16/16
f 16/16 201/201 197/197
f 199/199 205/205 3/3
f 3/3 205/205 18/18
f 205/205 206/206 18/18
f 18/18 206/206 22/22
f 207/207 208/208 209/209
f 209/209 208/208 210/210
f 208/208 211/211 210/210
f 210/210 211/211 212/212
f 213/213 214/214 215/215
f 215/215 214/214 216/216
f 214/214 213/213 217/217
f 217/217 213/213 218/218
f 211/211 219/219 212/212
f 212/212 219/219 220/220
f 220/220 219/219 221/221
f 221/221 219/219 222/222
f 223/223 224/224 225/225
f 225/225 224/224 226/226
f 224/224 215/215 226/226
f 226/226 215/215 216/216
f 227/227 228/228 222/222
f 222/222 228/228 221/221
f 228/228 227/227 229/229
f 229/229 227/227 230/230
f 231/231 232/232 233/233
f 233/233 232/232 234/234
f 232/232 223/223 234/234
f 234/234 223/223 225/225
f 235/235 155/155 236/236
f 236/236 155/155 74/74
f 155/155 235/235 60/60
f 60/60 235/235 61/61
f 235/235 237/237 61/61
f 61/61 237/237 54/54
f 157/157 183/183 73/73
f 73/73 183/183 161/161
f 183/183 157/157 151/151
f 237/237 238/238 54/54
f 54/54 238/238 55/55
f 238/238 239/239 55/55
f 55/55 239/239 48/48
f 239/239 240/240 48/48
f 48/48 240/240 49/49
f 49/49 240/240 44/44
f 44/44 240/240 241/241
f 242/242 43/43 241/241
f 241/241 43/43 44/44
f 43/43 242/242 32/32
f 32/32 242/242 243/243
f 244/244 245/245 204/204
f 204/204 245/245 203/203
f 244/244 30/30 243/243
f 243/243 30/30 32/32
f 30/30 244/244 13/13
f 13/13 244/244 204/204
f 206/206 246/246 22/22
f 22/22 246/246 35/35
f 246/246 247/247 35/35
f 35/35 247/247 39/39
f 247/247 248/248 39/39
f 39/39 248/248 129/129
f 248/248 249/249 129/129
f 129/129 249/249 128/128
f 250/250 251/251 252/252
f 252/252 251/251 253/253
f 249/249 250/250 128/128
f 128/128 250/250 252/252
f 254/254 255/255 251/251
f 251/251 255/255 253/253
f 255/255 254/254 256/256
f 256/256 254/254 138/138
f 257/257 258/258 135/135
f 135/135 258/258 137/137
f 259/259 260/260 257/257
f 257/257 260/260 258/258
f 140/140 144/144 138/138
f 138/138 144/144 256/256
f 261/261 67/67 140/140
f 67/67 66/66 140/140
f 140/140 66/66 144/144
f 262/262 263/263 248/248
f 248/248 263/263 249/249
f 264/264 265/265 266/266
f 266/266 265/265 267/267
f 268/268 264/264 269/269
f 269/269 264/264 266/266
f 270/270 262/262 247/247
f 247/247 262/262 248/248
f 271/271 272/272 250/250
f 250/250 272/272 251/251
f 273/273 274/274 275/275
f 275/275 274/274 276/276
f 265/265 273/273 267/267
f 267/267 273/273 275/275
f 263/263 271/271 249/249
f 249/249 271/271 250/250
f 244/244 277/277 245/245
f 245/245 277/277 278/278
f 279/279 280/280 281/281
f 281/281 280/280 282/282
f 283/283 284/284 285/285
f 285/285 284/284 286/286
f 277/277 244/244 287/287
f 287/287 244/244 243/243
f 288/288 270/270 246/246
f 246/246 270/270 247/247
f 289/289 268/268 290/290
f 290/290 268/268 269/269
f 242/242 291/291 243/243
f 243/243 291/291 287/287
f 285/285 286/286 292/292
f 292/292 286/286 293/293
f 292/292 293/293 294/294
f 294/294 293/293 295/295
f 291/291 242/242 296/296
f 296/296 242/242 241/241
f 240/240 297/297 241/241
f 241/241 297/297 296/296
f 294/294 295/295 298/298
f 298/298 295/295 299/299
f 300/300 298/298 301/301
f 301/301 298/298 299/299
f 302/302 297/297 239/239
f 239/239 297/297 240/240
f 303/303 304/304 235/235
f 235/235 304/304 237/237
f 305/305 306/306 307/307
f 307/307 306/306 308/308
f 309/309 310/310 311/311
f 311/311 310/310 312/312
f 313/313 303/303 236/236
f 236/236 303/303 235/235
f 314/314 302/302 238/238
f 238/238 302/302 239/239
f 315/315 300/300 316/316
f 316/316 300/300 301/301
f 306/306 315/315 308/308
f 308/308 315/315 316/316
f 304/304 314/314 237/237
f 237/237 314/314 238/238
f 254/254 317/317 138/138
f 138/138 317/317 139/139
f 318/318 319/319 320/320
f 320/320 319/319 321/321
f 320/320 321/321 274/274
f 274/274 321/321 276/276
f 317/317 254/254 272/272
f 272/272 254/254 251/251
f 322/322 323/323 318/318
f 318/318 323/323 319/319
f 324/324 325/325 322/322
f 322/322 325/325 323/323
f 326/326 327/327 123/123
f 123/123 327/327 121/121
f 120/120 121/121 328/328
f 328/328 121/121 327/327
f 329/329 330/330 137/137
f 137/137 330/330 136/136
f 123/123 136/136 326/326
f 326/326 136/136 330/330
f 331/331 207/207 332/332
f 332/332 207/207 209/209
f 218/218 333/333 217/217
f 217/217 333/333 334/334
f 328/328 335/335 120/120
f 120/120 335/335 118/118
f 217/217 334/334 214/214
f 214/214 334/334 336/336
f 214/214 336/336 216/216
f 216/216 336/336 337/337
f 216/216 337/337 226/226
f 226/226 337/337 338/338
f 225/225 226/226 339/339
f 339/339 226/226 338/338
f 340/340 341/341 233/233
f 233/233 341/341 231/231
f 229/229 230/230 342/342
f 342/342 230/230 343/343
f 339/339 344/344 225/225
f 225/225 344/344 234/234
f 233/233 234/234 340/340
f 340/340 234/234 344/344
f 345/345 258/258 346/346
f 346/346 258/258 260/260
f 329/329 137/137 345/345
f 345/345 137/137 258/258
f 346/346 260/260 347/347
f 347/347 260/260 259/259
f 347/347 259/259 348/348
f 348/348 259/259 349/349
f 349/349 229/229 348/348
f 348/348 229/229 342/342
f 257/257 350/350 259/259
f 259/259 350/350 349/349
f 228/228 350/350 221/221
f 221/221 350/350 351/351
f 352/352 351/351 134/134
f 134/134 351/351 135/135
f 352/352 353/353 220/220
f 220/220 353/353 212/212
f 354/354 353/353 119/119
f 119/119 353/353 122/122
f 354/354 355/355 210/210
f 210/210 355/355 209/209
f 355/355 118/118 356/356
f 356/356 118/118 335/335
f 355/355 356/356 209/209
f 209/209 356/356 332/332
f 357/357 289/289 358/358
f 358/358 289/289 290/290
f 359/359 360/360 278/278
f 278/278 360/360 245/245
f 360/360 361/361 245/245
f 245/245 361/361 203/203
f 362/362 361/361 205/205
f 205/205 361/361 206/206
f 202/202 362/362 196/196
f 196/196 362/362 363/363
f 364/364 363/363 198/198
f 198/198 363/363 199/199
f 273/273 265/265 330/330
f 330/330 265/265 326/326
f 274/274 273/273 329/329
f 329/329 273/273 330/330
f 268/268 289/289 328/328
f 328/328 289/289 335/335
f 265/265 264/264 326/326
f 326/326 264/264 327/327
f 264/264 268/268 327/327
f 327/327 268/268 328/328
f 345/345 320/320 329/329
f 329/329 320/320 274/274
f 320/320 345/345 318/318
f 318/318 345/345 346/346
f 289/289 357/357 335/335
f 335/335 357/357 356/356
f 280/280 279/279 358/358
f 358/358 279/279 357/357
f 336/336 292/292 337/337
f 337/337 292/292 294/294
f 292/292 336/336 285/285
f 285/285 336/336 334/334
f 281/281 331/331 279/279
f 279/279 331/331 332/332
f 333/333 283/283 334/334
f 334/334 283/283 285/285
f 298/298 338/338 294/294
f 294/294 338/338 337/337
f 298/298 300/300 338/338
f 338/338 300/300 339/339
f 300/300 315/315 339/339
f 339/339 315/315 344/344
f 315/315 306/306 344/344
f 344/344 306/306 340/340
f 324/324 309/309 325/325
f 325/325 309/309 311/311
f 309/309 324/324 342/342
f 342/342 324/324 348/348
f 306/306 305/305 340/340
f 340/340 305/305 341/341
f 310/310 309/309 343/343
f 343/343 309/309 342/342
f 347/347 322/322 346/346
f 346/346 322/322 318/318
f 27/27 365/365 29/29
f 29/29 365/365 366/366
f 365/365 27/27 367/367
f 367/367 27/27 28/28
f 40/40 368/368 41/41
f 41/41 368/368 369/369
f 368/368 40/40 366/366
f 366/366 40/40 29/29
f 46/46 370/370 47/47
f 47/47 370/370 371/371
f 370/370 46/46 369/369
f 369/369 46/46 41/41
f 372/372 373/373 52/52
f 52/52 373/373 53/53
f 371/371 372/372 47/47
f 47/47 372/372 52/52
f 374/374 375/375 58/58
f 58/58 375/375 59/59
f 373/373 374/374 53/53
f 53/53 374/374 58/58
f 376/376 377/377 64/64
f 64/64 377/377 65/65
f 375/375 376/376 59/59
f 59/59 376/376 64/64
f 378/378 379/379 158/158
f 158/158 379/379 159/159
f 158/158 65/65 378/378
f 378/378 65/65 377/377
f 380/380 381/381 177/177
f 177/177 381/381 179/179
f 177/177 159/159 380/380
f 380/380 159/159 379/379
f 200/200 382/382 28/28
f 28/28 382/382 367/367
f 383/383 81/81 189/189
f 189/189 81/81 83/83
f 81/81 383/383 82/82
f 82/82 383/383 384/384
f 383/383 385/385 384/384
f 384/384 385/385 386/386
f 383/383 189/189 385/385
f 385/385 189/189 190/190
f 387/387 388/388 190/190
f 190/190 388/388 385/385
f 388/388 389/389 385/385
f 385/385 389/389 386/386
f 389/389 388/388 390/390
f 390/390 388/388 391/391
f 388/388 387/387 391/391
f 391/391 387/387 392/392
f 393/393 394/394 184/184
f 184/184 394/394 191/191
f 394/394 387/387 191/191
f 191/191 387/387 190/190
f 387/387 394/394 392/392
f 392/392 394/394 395/395
f 394/394 393/393 395/395
f 395/395 393/393 396/396
f 397/397 393/393 185/185
f 185/185 393/393 184/184
f 393/393 397/397 396/396
f 396/396 397/397 398/398
f 398/398 397/397 399/399
f 399/399 397/397 400/400
f 397/397 185/185 400/400
f 400/400 185/185 187/187
f 399/399 400/400 401/401
f 401/401 400/400 402/402
f 400/400 187/187 402/402
f 402/402 187/187 180/180
f 179/179 403/403 180/180
f 180/180 403/403 402/402
f 402/402 403/403 401/401
f 401/401 403/403 404/404
f 381/381 405/405 179/179
f 179/179 405/405 403/403
f 405/405 406/406 403/403
f 403/403 406/406 404/404
f 140/140 141/141 261/261
f 261/261 141/141 407/407
f 261/261 236/236 67/67
f 67/67 236/236 74/74
f 407/407 313/313 261/261
f 261/261 313/313 236/236
f 363/363 364/364 196/196
f 196/196 364/364 194/194
f 363/363 362/362 199/199
f 199/199 362/362 205/205
f 203/203 361/361 202/202
f 202/202 361/361 362/362
f 361/361 360/360 206/206
f 206/206 360/360 246/246
f 246/246 360/360 288/288
f 288/288 360/360 359/359
f 356/356 357/357 332/332
f 332/332 357/357 279/279
f 355/355 354/354 118/118
f 118/118 354/354 119/119
f 353/353 354/354 212/212
f 212/212 354/354 210/210
f 353/353 352/352 122/122
f 122/122 352/352 134/134
f 221/221 351/351 220/220
f 220/220 351/351 352/352
f 135/135 351/351 257/257
f 257/257 351/351 350/350
f 229/229 349/349 228/228
f 228/228 349/349 350/350
f 348/348 324/324 347/347
f 347/347 324/324 322/322
f 9/9 10/10 408/408
f 408/408 10/10 409/409
f 10/10 24/24 409/409
f 409/409 24/24 410/410
f 24/24 26/26 410/410
f 410/410 26/26 411/411
f 365/365 412/412 366/366
f 366/366 412/412 413/413
f 367/367 414/414 365/365
f 365/365 414/414 412/412
f 368/368 415/415 369/369
f 369/369 415/415 416/416
f 368/368 366/366 415/415
f 415/415 366/366 413/413
f 370/370 417/417 371/371
f 371/371 417/417 418/418
f 369/369 416/416 370/370
f 370/370 416/416 417/417
f 372/372 419/419 373/373
f 373/373 419/419 420/420
f 371/371 418/418 372/372
f 372/372 418/418 419/419
f 374/374 421/421 375/375
f 375/375 421/421 422/422
f 373/373 420/420 374/374
f 374/374 420/420 421/421
f 377/377 376/376 423/423
f 423/423 376/376 424/424
f 375/375 422/422 376/376
f 376/376 422/422 424/424
f 425/425 426/426 427/427
f 427/427 426/426 428/428
f 429/429 430/430 425/425
f 425/425 430/430 426/426
f 431/431 432/432 429/429
f 429/429 432/432 430/430
f 86/86 87/87 433/433
f 433/433 87/87 434/434
f 435/435 436/436 437/437
f 437/437 436/436 438/438
f 98/98 99/99 439/439
f 439/439 99/99 440/440
f 99/99 86/86 440/440
f 440/440 86/86 433/433
f 26/26 115/115 411/411
f 411/411 115/115 441/441
f 442/442 443/443 444/444
f 444/444 443/443 445/445
f 446/446 447/447 448/448
f 448/448 447/447 449/449
f 427/427 428/428 450/450
f 450/450 428/428 451/451
f 378/378 452/452 379/379
f 379/379 452/452 453/453
f 377/377 423/423 378/378
f 378/378 423/423 452/452
f 454/454 455/455 438/438
f 438/438 455/455 437/437
f 448/448 449/449 454/454
f 454/454 449/449 455/455
f 167/167 168/168 456/456
f 456/456 168/168 457/457
f 168/168 170/170 457/457
f 457/457 170/170 458/458
f 170/170 176/176 458/458
f 458/458 176/176 459/459
f 176/176 98/98 459/459
f 459/459 98/98 439/439
f 380/380 460/460 381/381
f 381/381 460/460 461/461
f 379/379 453/453 380/380
f 380/380 453/453 460/460
f 462/462 463/463 431/431
f 431/431 463/463 432/432
f 464/464 465/465 462/462
f 462/462 465/465 463/463
f 382/382 466/466 367/367
f 367/367 466/466 414/414
f 467/467 468/468 464/464
f 464/464 468/468 465/465
f 469/469 470/470 467/467
f 467/467 470/470 468/468
f 406/406 405/405 471/471
f 471/471 405/405 472/472
f 405/405 381/381 472/472
f 472/472 381/381 461/461
f 473/473 474/474 475/475
f 475/475 474/474 476/476
f 477/477 473/473 478/478
f 478/478 473/473 475/475
f 479/479 477/477 480/480
f 480/480 477/477 478/478
f 481/481 479/479 482/482
f 482/482 479/479 480/480
f 483/483 484/484 485/485
f 485/485 484/484 486/486
f 484/484 487/487 486/486
f 486/486 487/487 488/488
f 474/474 473/473 489/489
f 489/489 473/473 490/490
f 473/473 477/477 490/490
f 490/490 477/477 491/491
f 492/492 493/493 491/491
f 491/491 493/493 490/490
f 493/493 494/494 490/490
f 490/490 494/494 489/489
f 477/477 479/479 491/491
f 491/491 479/479 495/495
f 479/479 481/481 495/495
f 495/495 481/481 496/496
f 497/497 498/498 496/496
f 496/496 498/498 495/495
f 498/498 492/492 495/495
f 495/495 492/492 491/491
f 487/487 484/484 499/499
f 499/499 484/484 500/500
f 484/484 483/483 500/500
f 500/500 483/483 501/501
f 502/502 503/503 504/504
f 504/504 503/503 505/505
f 503/503 483/483 505/505
f 505/505 483/483 485/485
f 494/494 493/493 506/506
f 506/506 493/493 507/507
f 493/493 492/492 507/507
f 507/507 492/492 508/508
f 509/509 510/510 508/508
f 508/508 510/510 507/507
f 510/510 511/511 507/507
f 507/507 511/511 506/506
f 483/483 503/503 501/501
f 501/501 503/503 512/512
f 503/503 502/502 512/512
f 512/512 502/502 513/513
f 514/514 502/502 515/515
f 515/515 502/502 504/504
f 516/516 514/514 517/517
f 517/517 514/514 515/515
f 502/502 514/514 513/513
f 513/513 514/514 518/518
f 514/514 516/516 518/518
f 518/518 516/516 519/519
f 520/520 521/521 522/522
f 522/522 521/521 523/523
f 523/523 516/516 522/522
f 522/522 516/516 517/517
f 516/516 523/523 519/519
f 519/519 523/523 524/524
f 521/521 525/525 523/523
f 523/523 525/525 524/524
f 526/526 527/527 528/528
f 528/528 527/527 529/529
f 521/521 520/520 529/529
f 529/529 520/520 528/528
f 525/525 521/521 530/530
f 530/530 521/521 529/529
f 527/527 531/531 529/529
f 529/529 531/531 530/530
f 532/532 533/533 534/534
f 534/534 533/533 535/535
f 527/527 526/526 535/535
f 535/535 526/526 534/534
f 531/531 527/527 536/536
f 536/536 527/527 535/535
f 533/533 537/537 535/535
f 535/535 537/537 536/536
f 538/538 539/539 540/540
f 540/540 539/539 541/541
f 539/539 542/542 541/541
f 541/541 542/542 543/543
f 544/544 545/545 543/543
f 543/543 545/545 541/541
f 545/545 546/546 541/541
f 541/541 546/546 540/540
f 547/547 548/548 549/549
f 549/549 548/548 550/550
f 548/548 551/551 550/550
f 550/550 551/551 552/552
f 542/542 539/539 552/552
f 552/552 539/539 550/550
f 539/539 538/538 550/550
f 550/550 538/538 549/549
f 552/552 551/551 553/553
f 553/553 551/551 554/554
f 552/552 553/553 542/542
f 542/542 553/553 555/555
f 556/556 557/557 558/558
f 558/558 557/557 559/559
f 560/560 561/561 562/562
f 562/562 561/561 563/563
f 564/564 565/565 563/563
f 563/563 565/565 562/562
f 566/566 556/556 567/567
f 567/567 556/556 558/558
f 568/568 569/569 570/570
f 570/570 569/569 571/571
f 557/557 556/556 571/571
f 571/571 556/556 570/570
f 556/556 566/566 570/570
f 570/570 566/566 572/572
f 573/573 568/568 572/572
f 572/572 568/568 570/570
f 574/574 573/573 575/575
f 575/575 573/573 572/572
f 566/566 576/576 572/572
f 572/572 576/576 575/575
f 576/576 577/577 575/575
f 575/575 577/577 578/578
f 579/579 574/574 578/578
f 578/578 574/574 575/575
f 580/580 581/581 582/582
f 582/582 581/581 583/583
f 583/583 584/584 582/582
f 582/582 584/584 585/585
f 573/573 574/574 585/585
f 585/585 574/574 582/582
f 579/579 580/580 574/574
f 574/574 580/580 582/582
f 492/492 498/498 508/508
f 508/508 498/498 586/586
f 498/498 497/497 586/586
f 586/586 497/497 587/587
f 588/588 589/589 587/587
f 587/587 589/589 586/586
f 589/589 509/509 586/586
f 586/586 509/509 508/508
f 590/590 591/591 592/592
f 592/592 591/591 593/593
f 594/594 595/595 593/593
f 593/593 595/595 592/592
f 510/510 509/509 596/596
f 596/596 509/509 597/597
f 598/598 599/599 597/597
f 597/597 599/599 596/596
f 599/599 600/600 596/596
f 596/596 600/600 601/601
f 511/511 510/510 601/601
f 601/601 510/510 596/596
f 589/589 588/588 602/602
f 602/602 588/588 603/603
f 604/604 605/605 603/603
f 603/603 605/605 602/602
f 605/605 598/598 602/602
f 602/602 598/598 597/597
f 509/509 589/589 597/597
f 597/597 589/589 602/602
f 606/606 607/607 608/608
f 608/608 607/607 609/609
f 595/595 594/594 609/609
f 609/609 594/594 608/608
f 610/610 611/611 612/612
f 612/612 611/611 613/613
f 614/614 547/547 615/615
f 615/615 547/547 549/549
f 538/538 616/616 549/549
f 549/549 616/616 615/615
f 617/617 618/618 619/619
f 619/619 618/618 620/620
f 621/621 622/622 620/620
f 620/620 622/622 619/619
f 623/623 624/624 625/625
f 625/625 624/624 626/626
f 533/533 532/532 626/626
f 626/626 532/532 625/625
f 627/627 546/546 628/628
f 628/628 546/546 545/545
f 544/544 629/629 545/545
f 545/545 629/629 628/628
f 629/629 623/623 628/628
f 628/628 623/623 625/625
f 532/532 627/627 625/625
f 625/625 627/627 628/628
f 537/537 533/533 630/630
f 630/630 533/533 626/626
f 624/624 631/631 626/626
f 626/626 631/631 630/630
f 632/632 543/543 555/555
f 555/555 543/543 542/542
f 633/633 544/544 632/632
f 632/632 544/544 543/543
f 634/634 564/564 635/635
f 635/635 564/564 563/563
f 561/561 636/636 563/563
f 563/563 636/636 635/635
f 636/636 621/621 635/635
f 635/635 621/621 620/620
f 618/618 634/634 620/620
f 620/620 634/634 635/635
f 637/637 638/638 639/639
f 639/639 638/638 640/640
f 641/641 642/642 640/640
f 640/640 642/642 639/639
f 642/642 584/584 639/639
f 639/639 584/584 583/583
f 581/581 637/637 583/583
f 583/583 637/637 639/639
f 634/634 618/618 643/643
f 643/643 618/618 644/644
f 577/577 576/576 645/645
f 645/645 576/576 646/646
f 566/566 567/567 576/576
f 576/576 567/567 646/646
f 565/565 564/564 643/643
f 643/643 564/564 634/634
f 584/584 642/642 585/585
f 585/585 642/642 647/647
f 642/642 641/641 647/647
f 647/647 641/641 648/648
f 569/569 568/568 648/648
f 648/648 568/568 647/647
f 568/568 573/573 647/647
f 647/647 573/573 585/585
f 631/631 624/624 649/649
f 649/649 624/624 650/650
f 651/651 652/652 650/650
f 650/650 652/652 649/649
f 633/633 653/653 654/654
f 654/654 653/653 655/655
f 653/653 656/656 655/655
f 655/655 656/656 657/657
f 657/657 658/658 655/655
f 655/655 658/658 659/659
f 659/659 623/623 655/655
f 655/655 623/623 654/654
f 658/658 651/651 659/659
f 659/659 651/651 650/650
f 624/624 623/623 650/650
f 650/650 623/623 659/659
f 653/653 633/633 660/660
f 660/660 633/633 632/632
f 555/555 661/661 632/632
f 632/632 661/661 660/660
f 661/661 662/662 660/660
f 660/660 662/662 663/663
f 656/656 653/653 663/663
f 663/663 653/653 660/660
f 487/487 664/664 488/488
f 488/488 664/664 665/665
f 666/666 667/667 668/668
f 668/668 667/667 669/669
f 488/488 665/665 669/669
f 669/669 665/665 668/668
f 474/474 670/670 476/476
f 476/476 670/670 671/671
f 664/664 487/487 672/672
f 672/672 487/487 499/499
f 667/667 673/673 669/669
f 669/669 673/673 674/674
f 673/673 675/675 674/674
f 674/674 675/675 676/676
f 485/485 486/486 676/676
f 676/676 486/486 674/674
f 486/486 488/488 674/674
f 674/674 488/488 669/669
f 670/670 474/474 677/677
f 677/677 474/474 489/489
f 494/494 678/678 489/489
f 489/489 678/678 677/677
f 679/679 680/680 681/681
f 681/681 680/680 682/682
f 683/683 684/684 682/682
f 682/682 684/684 681/681
f 685/685 686/686 687/687
f 687/687 686/686 688/688
f 686/686 689/689 688/688
f 688/688 689/689 690/690
f 684/684 683/683 691/691
f 691/691 683/683 692/692
f 693/693 694/694 692/692
f 692/692 694/694 691/691
f 695/695 696/696 697/697
f 697/697 696/696 698/698
f 698/698 685/685 697/697
f 697/697 685/685 687/687
f 694/694 693/693 699/699
f 699/699 693/693 700/700
f 700/700 701/701 699/699
f 699/699 701/701 702/702
f 703/703 704/704 705/705
f 705/705 704/704 706/706
f 696/696 695/695 706/706
f 706/706 695/695 705/705
f 546/546 627/627 707/707
f 707/707 627/627 708/708
f 627/627 532/532 708/708
f 708/708 532/532 534/534
f 526/526 709/709 534/534
f 534/534 709/709 708/708
f 544/544 633/633 629/629
f 629/629 633/633 654/654
f 654/654 623/623 629/629
f 709/709 526/526 710/710
f 710/710 526/526 528/528
f 520/520 711/711 528/528
f 528/528 711/711 710/710
f 711/711 520/520 712/712
f 712/712 520/520 522/522
f 522/522 517/517 712/712
f 712/712 517/517 713/713
f 517/517 515/515 713/713
f 713/713 515/515 714/714
f 515/515 504/504 714/714
f 714/714 504/504 715/715
f 675/675 716/716 676/676
f 676/676 716/716 717/717
f 504/504 505/505 715/715
f 715/715 505/505 717/717
f 505/505 485/485 717/717
f 717/717 485/485 676/676
f 678/678 494/494 718/718
f 718/718 494/494 506/506
f 511/511 719/719 506/506
f 506/506 719/719 718/718
f 719/719 511/511 720/720
f 720/720 511/511 601/601
f 600/600 721/721 601/601
f 601/601 721/721 720/720
f 722/722 723/723 724/724
f 724/724 723/723 725/725
f 721/721 600/600 725/725
f 725/725 600/600 724/724
f 722/722 726/726 723/723
f 723/723 726/726 727/727
f 726/726 728/728 727/727
f 727/727 728/728 613/613
f 606/606 729/729 607/607
f 607/607 729/729 730/730
f 731/731 730/730 732/732
f 732/732 730/730 729/729
f 728/728 616/616 613/613
f 613/613 616/616 612/612
f 733/733 612/612 540/540
f 612/612 616/616 540/540
f 616/616 538/538 540/540
f 721/721 734/734 720/720
f 720/720 734/734 735/735
f 736/736 737/737 738/738
f 738/738 737/737 739/739
f 740/740 741/741 736/736
f 736/736 741/741 737/737
f 742/742 719/719 735/735
f 735/735 719/719 720/720
f 723/723 743/743 725/725
f 725/725 743/743 744/744
f 745/745 746/746 747/747
f 747/747 746/746 748/748
f 738/738 739/739 745/745
f 745/745 739/739 746/746
f 734/734 721/721 744/744
f 744/744 721/721 725/725
f 717/717 716/716 749/749
f 749/749 716/716 750/750
f 751/751 752/752 753/753
f 753/753 752/752 754/754
f 755/755 756/756 757/757
f 757/757 756/756 758/758
f 715/715 717/717 759/759
f 759/759 717/717 749/749
f 719/719 742/742 718/718
f 718/718 742/742 760/760
f 761/761 762/762 740/740
f 740/740 762/762 741/741
f 714/714 715/715 763/763
f 763/763 715/715 759/759
f 756/756 764/764 758/758
f 758/758 764/764 765/765
f 764/764 766/766 765/765
f 765/765 766/766 767/767
f 713/713 714/714 768/768
f 768/768 714/714 763/763
f 712/712 713/713 769/769
f 769/769 713/713 768/768
f 766/766 770/770 767/767
f 767/767 770/770 771/771
f 772/772 773/773 770/770
f 770/770 773/773 771/771
f 774/774 711/711 769/769
f 769/769 711/711 712/712
f 709/709 775/775 708/708
f 708/708 775/775 776/776
f 777/777 778/778 779/779
f 779/779 778/778 780/780
f 781/781 782/782 783/783
f 783/783 782/782 784/784
f 785/785 707/707 776/776
f 776/776 707/707 708/708
f 711/711 774/774 710/710
f 710/710 774/774 786/786
f 787/787 788/788 772/772
f 772/772 788/788 773/773
f 779/779 780/780 787/787
f 787/787 780/780 788/788
f 775/775 709/709 786/786
f 786/786 709/709 710/710
f 727/727 613/613 789/789
f 789/789 613/613 611/611
f 790/790 791/791 792/792
f 792/792 791/791 793/793
f 791/791 747/747 793/793
f 793/793 747/747 748/748
f 723/723 727/727 743/743
f 743/743 727/727 789/789
f 794/794 790/790 795/795
f 795/795 790/790 792/792
f 796/796 794/794 797/797
f 797/797 794/794 795/795
f 798/798 594/594 799/799
f 799/799 594/594 593/593
f 799/799 593/593 800/800
f 800/800 593/593 591/591
f 801/801 606/606 802/802
f 802/802 606/606 608/608
f 802/802 608/608 798/798
f 798/798 608/608 594/594
f 803/803 804/804 679/679
f 679/679 804/804 680/680
f 690/690 689/689 805/805
f 805/805 689/689 806/806
f 800/800 591/591 807/807
f 807/807 591/591 590/590
f 808/808 806/806 686/686
f 686/686 806/806 689/689
f 686/686 685/685 808/808
f 808/808 685/685 809/809
f 810/810 809/809 698/698
f 698/698 809/809 685/685
f 810/810 698/698 811/811
f 811/811 698/698 696/696
f 812/812 704/704 813/813
f 813/813 704/704 703/703
f 814/814 702/702 815/815
f 815/815 702/702 701/701
f 811/811 696/696 816/816
f 816/816 696/696 706/706
f 816/816 706/706 812/812
f 812/812 706/706 704/704
f 817/817 818/818 729/729
f 729/729 818/818 732/732
f 729/729 606/606 817/817
f 817/817 606/606 801/801
f 818/818 819/819 732/732
f 732/732 819/819 731/731
f 819/819 820/820 731/731
f 731/731 820/820 821/821
f 815/815 701/701 820/820
f 820/820 701/701 821/821
f 730/730 731/731 822/822
f 822/822 731/731 821/821
f 693/693 823/823 700/700
f 700/700 823/823 822/822
f 607/607 823/823 609/609
f 609/609 823/823 824/824
f 683/683 825/825 692/692
f 692/692 825/825 824/824
f 595/595 825/825 592/592
f 592/592 825/825 826/826
f 680/680 827/827 682/682
f 682/682 827/827 826/826
f 807/807 590/590 828/828
f 828/828 590/590 827/827
f 804/804 828/828 680/680
f 680/680 828/828 827/827
f 762/762 761/761 829/829
f 829/829 761/761 830/830
f 716/716 831/831 750/750
f 750/750 831/831 832/832
f 675/675 833/833 716/716
f 716/716 833/833 831/831
f 678/678 833/833 677/677
f 677/677 833/833 834/834
f 673/673 667/667 834/834
f 834/834 667/667 835/835
f 670/670 835/835 671/671
f 671/671 835/835 836/836
f 798/798 738/738 802/802
f 802/802 738/738 745/745
f 747/747 801/801 745/745
f 745/745 801/801 802/802
f 740/740 800/800 761/761
f 761/761 800/800 807/807
f 738/738 798/798 736/736
f 736/736 798/798 799/799
f 800/800 740/740 799/799
f 799/799 740/740 736/736
f 817/817 801/801 791/791
f 791/791 801/801 747/747
f 818/818 817/817 790/790
f 790/790 817/817 791/791
f 761/761 807/807 830/830
f 830/830 807/807 828/828
f 830/830 751/751 829/829
f 829/829 751/751 753/753
f 808/808 809/809 764/764
f 764/764 809/809 766/766
f 806/806 808/808 756/756
f 756/756 808/808 764/764
f 804/804 803/803 751/751
f 751/751 803/803 752/752
f 805/805 806/806 755/755
f 755/755 806/806 756/756
f 809/809 810/810 766/766
f 766/766 810/810 770/770
f 811/811 772/772 810/810
f 810/810 772/772 770/770
f 772/772 811/811 787/787
f 787/787 811/811 816/816
f 812/812 779/779 816/816
f 816/816 779/779 787/787
f 796/796 797/797 781/781
f 781/781 797/797 782/782
f 781/781 815/815 796/796
f 796/796 815/815 820/820
f 779/779 812/812 777/777
f 777/777 812/812 813/813
f 815/815 781/781 814/814
f 814/814 781/781 783/783
f 819/819 818/818 794/794
f 794/794 818/818 790/790
f 837/837 481/481 838/838
f 838/838 481/481 482/482
f 481/481 837/837 496/496
f 496/496 837/837 839/839
f 840/840 497/497 839/839
f 839/839 497/497 496/496
f 500/500 501/501 412/412
f 412/412 501/501 413/413
f 499/499 500/500 414/414
f 414/414 500/500 412/412
f 512/512 513/513 415/415
f 415/415 513/513 416/416
f 501/501 512/512 413/413
f 413/413 512/512 415/415
f 519/519 418/418 518/518
f 518/518 418/418 417/417
f 513/513 518/518 416/416
f 416/416 518/518 417/417
f 525/525 420/420 524/524
f 524/524 420/420 419/419
f 418/418 519/519 419/419
f 419/419 519/519 524/524
f 531/531 422/422 530/530
f 530/530 422/422 421/421
f 420/420 525/525 421/421
f 421/421 525/525 530/530
f 537/537 423/423 536/536
f 536/536 423/423 424/424
f 422/422 531/531 424/424
f 424/424 531/531 536/536
f 548/548 547/547 426/426
f 426/426 547/547 428/428
f 551/551 548/548 430/430
f 430/430 548/548 426/426
f 551/551 430/430 554/554
f 554/554 430/430 432/432
f 557/557 841/841 559/559
f 559/559 841/841 842/842
f 437/437 561/561 435/435
f 435/435 561/561 560/560
f 569/569 843/843 571/571
f 571/571 843/843 844/844
f 841/841 557/557 844/844
f 844/844 557/557 571/571
f 497/497 840/840 587/587
f 587/587 840/840 845/845
f 442/442 588/588 845/845
f 845/845 588/588 587/587
f 588/588 442/442 603/603
f 603/603 442/442 444/444
f 846/846 604/604 444/444
f 444/444 604/604 603/603
f 621/621 449/449 622/622
f 622/622 449/449 447/447
f 428/428 547/547 451/451
f 451/451 547/547 614/614
f 631/631 453/453 630/630
f 630/630 453/453 452/452
f 630/630 452/452 537/537
f 537/537 452/452 423/423
f 636/636 561/561 455/455
f 455/455 561/561 437/437
f 621/621 636/636 449/449
f 449/449 636/636 455/455
f 638/638 847/847 640/640
f 640/640 847/847 848/848
f 849/849 641/641 848/848
f 848/848 641/641 640/640
f 641/641 849/849 648/648
f 648/648 849/849 850/850
f 843/843 569/569 850/850
f 850/850 569/569 648/648
f 652/652 461/461 649/649
f 649/649 461/461 460/460
f 649/649 460/460 631/631
f 631/631 460/460 453/453
f 554/554 432/432 851/851
f 851/851 432/432 463/463
f 465/465 852/852 463/463
f 463/463 852/852 851/851
f 672/672 499/499 466/466
f 466/466 499/499 414/414
f 555/555 553/553 661/661
f 661/661 553/553 853/853
f 553/553 554/554 853/853
f 853/853 554/554 851/851
f 852/852 854/854 851/851
f 851/851 854/854 853/853
f 854/854 662/662 853/853
f 853/853 662/662 661/661
f 852/852 465/465 855/855
f 855/855 465/465 468/468
f 856/856 855/855 470/470
f 470/470 855/855 468/468
f 662/662 854/854 857/857
f 857/857 854/854 858/858
f 854/854 852/852 858/858
f 858/858 852/852 855/855
f 856/856 859/859 855/855
f 855/855 859/859 858/858
f 860/860 857/857 859/859
f 859/859 857/857 858/858
f 861/861 656/656 862/862
f 862/862 656/656 663/663
f 663/663 662/662 862/862
f 862/862 662/662 857/857
f 860/860 863/863 857/857
f 857/857 863/863 862/862
f 863/863 864/864 862/862
f 862/862 864/864 861/861
f 657/657 656/656 865/865
f 865/865 656/656 861/861
f 864/864 866/866 861/861
f 861/861 866/866 865/865
f 866/866 867/867 865/865
f 865/865 867/867 868/868
f 658/658 657/657 868/868
f 868/868 657/657 865/865
f 867/867 869/869 868/868
f 868/868 869/869 870/870
f 651/651 658/658 870/870
f 870/870 658/658 868/868
f 652/652 651/651 871/871
f 871/871 651/651 870/870
f 869/869 872/872 870/870
f 870/870 872/872 871/871
f 461/461 652/652 472/472
f 472/472 652/652 871/871
f 872/872 471/471 871/871
f 871/871 471/471 472/472
f 873/873 874/874 875/875
f 875/875 874/874 876/876
f 877/877 878/878 873/873
f 873/873 878/878 874/874
f 879/879 880/880 877/877
f 877/877 880/880 878/878
f 881/881 882/882 879/879
f 879/879 882/882 880/880
f 883/883 884/884 881/881
f 881/881 884/884 882/882
f 885/885 886/886 883/883
f 883/883 886/886 884/884
f 887/887 888/888 885/885
f 885/885 888/888 886/886
f 889/889 890/890 887/887
f 887/887 890/890 888/888
f 889/889 891/891 890/890
f 890/890 891/891 892/892
f 891/891 893/893 892/892
f 892/892 893/893 894/894
f 895/895 896/896 893/893
f 893/893 896/896 894/894
f 897/897 898/898 895/895
f 895/895 898/898 896/896
f 899/899 900/900 901/901
f 901/901 900/900 902/902
f 874/874 903/903 876/876
f 876/876 903/903 904/904
f 878/878 905/905 874/874
f 874/874 905/905 903/903
f 880/880 906/906 878/878
f 878/878 906/906 905/905
f 882/882 907/907 880/880
f 880/880 907/907 906/906
f 884/884 908/908 882/882
f 882/882 908/908 907/907
f 886/886 909/909 884/884
f 884/884 909/909 908/908
f 888/888 910/910 886/886
f 886/886 910/910 909/909
f 890/890 911/911 888/888
f 888/888 911/911 910/910
f 890/890 892/892 911/911
f 911/911 892/892 912/912
f 892/892 894/894 912/912
f 912/912 894/894 913/913
f 896/896 914/914 894/894
f 894/894 914/914 913/913
f 915/915 898/898 916/916
f 916/916 898/898 902/902
f 903/903 917/917 904/904
f 904/904 917/917 918/918
f 905/905 919/919 903/903
f 903/903 919/919 917/917
f 906/906 920/920 905/905
f 905/905 920/920 919/919
f 907/907 921/921 906/906
f 906/906 921/921 920/920
f 908/908 922/922 907/907
f 907/907 922/922 921/921
f 909/909 923/923 908/908
f 908/908 923/923 922/922
f 910/910 924/924 909/909
f 909/909 924/924 923/923
f 911/911 925/925 910/910
f 910/910 925/925 924/924
f 911/911 912/912 925/925
f 925/925 912/912 926/926
f 913/913 927/927 912/912
f 912/912 927/927 926/926
f 914/914 928/928 913/913
f 913/913 928/928 927/927
f 929/929 915/915 930/930
f 930/930 915/915 916/916
f 918/918 917/917 931/931
f 931/931 917/917 932/932
f 919/919 933/933 917/917
f 917/917 933/933 932/932
f 920/920 934/934 919/919
f 919/919 934/934 933/933
f 921/921 935/935 920/920
f 920/920 935/935 934/934
f 922/922 936/936 921/921
f 921/921 936/936 935/935
f 923/923 937/937 922/922
f 922/922 937/937 936/936
f 924/924 938/938 923/923
f 923/923 938/938 937/937
f 925/925 939/939 924/924
f 924/924 939/939 938/938
f 925/925 926/926 939/939
f 939/939 926/926 940/940
f 927/927 941/941 926/926
f 926/926 941/941 940/940
f 928/928 942/942 927/927
f 927/927 942/942 941/941
f 943/943 929/929 944/944
f 944/944 929/929 930/930
f 931/931 932/932 945/945
f 945/945 932/932 946/946
f 933/933 947/947 932/932
f 932/932 947/947 946/946
f 934/934 948/948 933/933
f 933/933 948/948 947/947
f 935/935 949/949 934/934
f 934/934 949/949 948/948
f 936/936 950/950 935/935
f 935/935 950/950 949/949
f 937/937 951/951 936/936
f 936/936 951/951 950/950
f 938/938 952/952 937/937
f 937/937 952/952 951/951
f 939/939 953/953 938/938
f 938/938 953/953 952/952
f 939/939 940/940 953/953
f 953/953 940/940 954/954
f 941/941 955/955 940/940
f 940/940 955/955 954/954
f 942/942 956/956 941/941
f 941/941 956/956 955/955
f 957/957 943/943 958/958
f 958/958 943/943 944/944
f 945/945 946/946 959/959
f 959/959 946/946 960/960
f 947/947 961/961 946/946
f 946/946 961/961 960/960
f 948/948 962/962 947/947
f 947/947 962/962 961/961
f 949/949 963/963 948/948
f 948/948 963/963 962/962
f 950/950 964/964 949/949
f 949/949 964/964 963/963
f 951/951 965/965 950/950
f 950/950 965/965 964/964
f 952/952 966/966 951/951
f 951/951 966/966 965/965
f 953/953 967/967 952/952
f 952/952 967/967 966/966
f 953/953 954/954 967/967
f 967/967 954/954 968/968
f 954/954 955/955 968/968
f 968/968 955/955 969/969
f 956/956 970/970 955/955
f 955/955 970/970 969/969
f 392/392 957/957 391/391
f 391/391 957/957 958/958
f 959/959 960/960 971/971
f 971/971 960/960 972/972
f 961/961 973/973 960/960
f 960/960 973/973 972/972
f 962/962 974/974 961/961
f 961/961 974/974 973/973
f 963/963 975/975 962/962
f 962/962 975/975 974/974
f 964/964 976/976 963/963
f 963/963 976/976 975/975
f 965/965 977/977 964/964
f 964/964 977/977 976/976
f 966/966 978/978 965/965
f 965/965 978/978 977/977
f 967/967 979/979 966/966
f 966/966 979/979 978/978
f 967/967 968/968 979/979
f 979/979 968/968 980/980
f 968/968 969/969 980/980
f 980/980 969/969 981/981
f 970/970 982/982 969/969
f 969/969 982/982 981/981
f 971/971 972/972 983/983
f 983/983 972/972 984/984
f 973/973 985/985 972/972
f 972/972 985/985 984/984
f 974/974 986/986 973/973
f 973/973 986/986 985/985
f 975/975 987/987 974/974
f 974/974 987/987 986/986
f 976/976 988/988 975/975
f 975/975 988/988 987/987
f 977/977 989/989 976/976
f 976/976 989/989 988/988
f 978/978 990/990 977/977
f 977/977 990/990 989/989
f 979/979 991/991 978/978
f 978/978 991/991 990/990
f 979/979 980/980 991/991
f 991/991 980/980 992/992
f 980/980 981/981 992/992
f 992/992 981/981 993/993
f 982/982 994/994 981/981
f 981/981 994/994 993/993
f 983/983 984/984 995/995
f 995/995 984/984 996/996
f 985/985 997/997 984/984
f 984/984 997/997 996/996
f 986/986 998/998 985/985
f 985/985 998/998 997/997
f 987/987 999/999 986/986
f 986/986 999/999 998/998
f 988/988 1000/1000 987/987
f 987/987 1000/1000 999/999
f 989/989 1001/1001 988/988
f 988/988 1001/1001 1000/1000
f 990/990 1002/1002 989/989
f 989/989 1002/1002 1001/1001
f 991/991 1003/1003 990/990
f 990/990 1003/1003 1002/1002
f 991/991 992/992 1003/1003
f 1003/1003 992/992 1004/1004
f 992/992 993/993 1004/1004
f 1004/1004 993/993 1005/1005
f 994/994 1006/1006 993/993
f 993/993 1006/1006 1005/1005
f 995/995 996/996 1007/1007
f 1007/1007 996/996 1008/1008
f 997/997 1009/1009 996/996
f 996/996 1009/1009 1008/1008
f 998/998 1010/1010 997/997
f 997/997 1010/1010 1009/1009
f 999/999 1011/1011 998/998
f 998/998 1011/1011 1010/1010
f 1000/1000 1012/1012 999/999
f 999/999 1012/1012 1011/1011
f 1001/1001 1013/1013 1000/1000
f 1000/1000 1013/1013 1012/1012
f 1002/1002 1014/1014 1001/1001
f 1001/1001 1014/1014 1013/1013
f 1002/1002 1003/1003 1014/1014
f 1014/1014 1003/1003 1015/1015
f 1003/1003 1004/1004 1015/1015
f 1015/1015 1004/1004 1016/1016
f 1004/1004 1005/1005 1016/1016
f 1016/1016 1005/1005 1017/1017
f 1005/1005 1006/1006 1017/1017
f 1017/1017 1006/1006 1018/1018
f 1007/1007 1008/1008 1019/1019
f 1019/1019 1008/1008 1020/1020
f 1009/1009 1021/1021 1008/1008
f 1008/1008 1021/1021 1020/1020
f 1010/1010 1022/1022 1009/1009
f 1009/1009 1022/1022 1021/1021
f 1011/1011 1023/1023 1010/1010
f 1010/1010 1023/1023 1022/1022
f 1012/1012 1024/1024 1011/1011
f 1011/1011 1024/1024 1023/1023
f 1013/1013 1025/1025 1012/1012
f 1012/1012 1025/1025 1024/1024
f 1014/1014 1026/1026 1013/1013
f 1013/1013 1026/1026 1025/1025
f 1014/1014 1015/1015 1026/1026
f 1026/1026 1015/1015 1027/1027
f 1015/1015 1016/1016 1027/1027
f 1027/1027 1016/1016 1028/1028
f 1017/1017 1029/1029 1016/1016
f 1016/1016 1029/1029 1028/1028
f 1017/1017 1018/1018 1029/1029
f 1029/1029 1018/1018 1030/1030
f 1019/1019 1020/1020 1031/1031
f 1031/1031 1020/1020 1032/1032
f 1020/1020 1021/1021 1032/1032
f 1032/1032 1021/1021 1033/1033
f 1021/1021 1022/1022 1033/1033
f 1033/1033 1022/1022 1034/1034
f 1022/1022 1023/1023 1034/1034
f 1034/1034 1023/1023 1035/1035
f 1024/1024 1036/1036 1023/1023
f 1023/1023 1036/1036 1035/1035
f 1025/1025 1037/1037 1024/1024
f 1024/1024 1037/1037 1036/1036
f 1026/1026 1038/1038 1025/1025
f 1025/1025 1038/1038 1037/1037
f 1026/1026 1027/1027 1038/1038
f 1038/1038 1027/1027 1039/1039
f 1028/1028 1040/1040 1027/1027
f 1027/1027 1040/1040 1039/1039
f 1029/1029 1041/1041 1028/1028
f 1028/1028 1041/1041 1040/1040
f 1030/1030 1042/1042 1029/1029
f 1029/1029 1042/1042 1041/1041
f 1031/1031 1032/1032 1043/1043
f 1043/1043 1032/1032 1044/1044
f 1032/1032 1033/1033 1044/1044
f 1044/1044 1033/1033 1045/1045
f 1033/1033 1034/1034 1045/1045
f 1045/1045 1034/1034 1046/1046
f 1037/1037 1038/1038 1047/1047
f 1039/1039 1048/1048 1038/1038
f 1038/1038 1048/1048 1047/1047
f 1040/1040 1049/1049 1039/1039
f 1039/1039 1049/1049 1048/1048
f 1041/1041 1050/1050 1040/1040
f 1040/1040 1050/1050 1049/1049
f 1042/1042 1051/1051 1041/1041
f 1041/1041 1051/1051 1050/1050
f 1043/1043 1044/1044 1052/1052
f 1052/1052 1044/1044 1053/1053
f 1044/1044 1045/1045 1053/1053
f 1053/1053 1045/1045 1054/1054
f 1052/1052 1053/1053 1055/1055
f 1055/1055 1053/1053 1056/1056
f 1054/1054 1057/1057 1053/1053
f 1053/1053 1057/1057 1056/1056
f 1058/1058 1059/1059 1049/1049
f 1049/1049 1059/1059 1048/1048
f 1050/1050 1060/1060 1049/1049
f 1049/1049 1060/1060 1058/1058
f 1051/1051 1061/1061 1050/1050
f 1050/1050 1061/1061 1060/1060
f 1055/1055 1056/1056 1062/1062
f 1062/1062 1056/1056 1063/1063
f 1057/1057 1064/1064 1056/1056
f 1056/1056 1064/1064 1063/1063
f 1065/1065 1059/1059 1066/1066
f 1066/1066 1059/1059 1058/1058
f 1058/1058 1060/1060 1066/1066
f 1066/1066 1060/1060 1067/1067
f 1061/1061 1068/1068 1060/1060
f 1060/1060 1068/1068 1067/1067
f 1062/1062 1063/1063 1069/1069
f 1069/1069 1063/1063 1070/1070
f 1063/1063 1064/1064 1070/1070
f 1070/1070 1064/1064 1071/1071
f 1072/1072 1073/1073 1066/1066
f 1066/1066 1073/1073 1065/1065
f 1066/1066 1067/1067 1072/1072
f 1072/1072 1067/1067 1074/1074
f 1068/1068 1075/1075 1067/1067
f 1067/1067 1075/1075 1074/1074
f 1069/1069 1070/1070 1076/1076
f 1076/1076 1070/1070 1077/1077
f 1070/1070 1071/1071 1077/1077
f 1077/1077 1071/1071 1078/1078
f 1073/1073 1072/1072 1079/1079
f 1079/1079 1072/1072 1080/1080
f 1072/1072 1074/1074 1080/1080
f 1080/1080 1074/1074 1081/1081
f 1074/1074 1075/1075 1081/1081
f 1081/1081 1075/1075 1082/1082
f 1075/1075 1083/1083 1082/1082
f 1082/1082 1083/1083 1084/1084
f 1085/1085 1083/1083 1086/1086
f 1086/1086 1083/1083 1087/1087
f 1076/1076 1077/1077 1088/1088
f 1088/1088 1077/1077 1089/1089
f 1077/1077 1078/1078 1089/1089
f 1089/1089 1078/1078 1090/1090
f 1091/1091 1092/1092 1093/1093
f 1093/1093 1092/1092 1094/1094
f 873/873 875/875 1095/1095
f 877/877 873/873 1095/1095
f 879/879 877/877 1095/1095
f 881/881 879/879 1095/1095
f 883/883 881/881 1095/1095
f 885/885 883/883 1095/1095
f 887/887 885/885 1095/1095
f 889/889 887/887 1095/1095
f 891/891 889/889 1095/1095
f 893/893 891/891 1095/1095
f 895/895 893/893 1095/1095
f 895/895 1095/1095 897/897
f 899/899 901/901 1095/1095
f 1096/1096 1097/1097 1098/1098
f 1098/1098 1097/1097 1099/1099
f 1098/1098 1100/1100 1096/1096
f 1096/1096 1100/1100 1101/1101
f 1102/1102 1103/1103 1098/1098
f 1098/1098 1103/1103 1100/1100
f 1098/1098 1099/1099 1102/1102
f 1102/1102 1099/1099 1104/1104
f 1105/1105 1106/1106 1107/1107
f 1107/1107 1106/1106 1108/1108
f 1107/1107 1109/1109 1105/1105
f 1105/1105 1109/1109 1110/1110
f 1096/1096 1101/1101 1107/1107
f 1107/1107 1101/1101 1109/1109
f 1107/1107 1108/1108 1096/1096
f 1096/1096 1108/1108 1097/1097
f 1111/1111 1112/1112 1113/1113
f 1113/1113 1112/1112 1114/1114
f 1113/1113 1115/1115 1111/1111
f 1111/1111 1115/1115 1116/1116
f 1105/1105 1110/1110 1113/1113
f 1113/1113 1110/1110 1115/1115
f 1113/1113 1114/1114 1105/1105
f 1105/1105 1114/1114 1106/1106
f 1117/1117 1118/1118 1119/1119
f 1119/1119 1118/1118 1120/1120
f 1120/1120 1121/1121 1119/1119
f 1119/1119 1121/1121 1122/1122
f 1111/1111 1116/1116 1120/1120
f 1120/1120 1116/1116 1121/1121
f 1120/1120 1118/1118 1111/1111
f 1111/1111 1118/1118 1112/1112
f 1123/1123 1124/1124 1125/1125
f 1125/1125 1124/1124 1126/1126
f 1122/1122 1123/1123 1119/1119
f 1119/1119 1123/1123 1125/1125
f 1125/1125 1126/1126 1127/1127
f 1127/1127 1126/1126 1128/1128
f 1129/1129 1130/1130 1131/1131
f 1131/1131 1130/1130 1132/1132
f 1133/1133 1134/1134 1132/1132
f 1132/1132 1134/1134 1131/1131
f 1124/1124 1133/1133 1126/1126
f 1126/1126 1133/1133 1132/1132
f 1130/1130 1128/1128 1132/1132
f 1132/1132 1128/1128 1126/1126
f 1135/1135 1136/1136 1137/1137
f 1137/1137 1136/1136 1138/1138
f 1139/1139 1140/1140 1138/1138
f 1138/1138 1140/1140 1137/1137
f 1134/1134 1139/1139 1131/1131
f 1131/1131 1139/1139 1138/1138
f 1136/1136 1129/1129 1138/1138
f 1138/1138 1129/1129 1131/1131
f 1141/1141 1142/1142 1143/1143
f 1143/1143 1142/1142 1144/1144
f 1145/1145 1146/1146 1144/1144
f 1144/1144 1146/1146 1143/1143
f 1140/1140 1145/1145 1137/1137
f 1137/1137 1145/1145 1144/1144
f 1142/1142 1135/1135 1144/1144
f 1144/1144 1135/1135 1137/1137
f 1147/1147 1148/1148 1149/1149
f 1149/1149 1148/1148 1150/1150
f 1151/1151 1152/1152 1150/1150
f 1150/1150 1152/1152 1149/1149
f 1146/1146 1151/1151 1143/1143
f 1143/1143 1151/1151 1150/1150
f 1148/1148 1141/1141 1150/1150
f 1150/1150 1141/1141 1143/1143
f 1102/1102 1104/1104 1153/1153
f 1153/1153 1104/1104 1154/1154
f 1153/1153 1155/1155 1102/1102
f 1102/1102 1155/1155 1103/1103
f 1149/1149 1152/1152 1153/1153
f 1153/1153 1152/1152 1155/1155
f 1153/1153 1154/1154 1149/1149
f 1149/1149 1154/1154 1147/1147
f 1142/1142 1141/1141 1099/1099
f 1099/1099 1141/1141 1104/1104
f 1156/1156 1157/1157 1158/1158
f 1158/1158 1157/1157 1159/1159
f 1160/1160 1161/1161 1162/1162
f 1162/1162 1161/1161 1159/1159
f 1163/1163 1164/1164 1165/1165
f 1165/1165 1164/1164 1166/1166
f 1167/1167 1168/1168 1169/1169
f 1169/1169 1168/1168 1166/1166
f 1170/1170 1171/1171 1169/1169
f 1169/1169 1171/1171 1172/1172
f 1173/1173 1174/1174 1158/1158
f 1158/1158 1174/1174 1172/1172
f 1175/1175 1176/1176 1177/1177
f 1177/1177 1176/1176 1162/1162
f 1178/1178 1179/1179 1180/1180
f 1180/1180 1179/1179 1176/1176
f 1181/1181 1182/1182 1180/1180
f 1180/1180 1182/1182 1183/1183
f 1184/1184 1183/1183 1185/1185
f 1185/1185 1183/1183 1186/1186
f 1187/1187 1188/1188 1189/1189
f 1189/1189 1188/1188 1190/1190
f 1191/1191 1188/1188 1192/1192
f 1192/1192 1188/1188 1186/1186
f 1193/1193 1194/1194 1195/1195
f 1195/1195 1194/1194 1190/1190
f 1196/1196 1194/1194 1197/1197
f 1197/1197 1194/1194 1198/1198
f 1199/1199 1200/1200 1201/1201
f 1201/1201 1200/1200 1198/1198
f 1202/1202 1200/1200 1203/1203
f 1203/1203 1200/1200 1204/1204
f 1205/1205 1206/1206 1207/1207
f 1207/1207 1206/1206 1204/1204
f 1208/1208 1206/1206 1209/1209
f 1209/1209 1206/1206 1210/1210
f 1211/1211 1212/1212 1213/1213
f 1213/1213 1212/1212 1210/1210
f 1214/1214 1212/1212 1215/1215
f 1215/1215 1212/1212 1165/1165
f 1115/1115 1216/1216 1116/1116
f 1116/1116 1216/1216 1217/1217
f 1218/1218 1115/1115 1219/1219
f 1219/1219 1115/1115 1110/1110
f 1100/1100 1220/1220 1101/1101
f 1101/1101 1220/1220 1221/1221
f 1222/1222 1100/1100 1223/1223
f 1223/1223 1100/1100 1103/1103
f 1109/1109 1224/1224 1110/1110
f 1110/1110 1224/1224 1225/1225
f 1226/1226 1109/1109 1227/1227
f 1227/1227 1109/1109 1101/1101
f 1121/1121 1228/1228 1122/1122
f 1122/1122 1228/1228 1229/1229
f 1230/1230 1121/1121 1231/1231
f 1231/1231 1121/1121 1116/1116
f 1155/1155 1232/1232 1103/1103
f 1103/1103 1232/1232 1233/1233
f 1234/1234 1155/1155 1235/1235
f 1235/1235 1155/1155 1152/1152
f 1124/1124 1123/1123 1236/1236
f 1236/1236 1123/1123 1237/1237
f 1123/1123 1122/1122 1238/1238
f 1238/1238 1122/1122 1239/1239
f 1152/1152 1151/1151 1240/1240
f 1240/1240 1151/1151 1241/1241
f 1151/1151 1146/1146 1242/1242
f 1242/1242 1146/1146 1243/1243
f 1134/1134 1133/1133 1244/1244
f 1244/1244 1133/1133 1245/1245
f 1133/1133 1124/1124 1246/1246
f 1246/1246 1124/1124 1247/1247
f 1146/1146 1145/1145 1248/1248
f 1248/1248 1145/1145 1249/1249
f 1145/1145 1140/1140 1250/1250
f 1250/1250 1140/1140 1251/1251
f 1140/1140 1139/1139 1252/1252
f 1252/1252 1139/1139 1253/1253
f 1139/1139 1134/1134 1254/1254
f 1254/1254 1134/1134 1255/1255
f 1256/1256 1179/1179 1257/1257
f 1257/1257 1179/1179 1178/1178
f 1179/1179 1258/1258 1160/1160
f 1160/1160 1258/1258 1259/1259
f 1260/1260 1174/1174 1261/1261
f 1261/1261 1174/1174 1173/1173
f 1167/1167 1174/1174 1262/1262
f 1262/1262 1174/1174 1263/1263
f 1160/1160 1264/1264 1161/1161
f 1161/1161 1264/1264 1265/1265
f 1266/1266 1173/1173 1267/1267
f 1267/1267 1173/1173 1161/1161
f 1268/1268 1184/1184 1269/1269
f 1269/1269 1184/1184 1185/1185
f 1270/1270 1178/1178 1271/1271
f 1271/1271 1178/1178 1184/1184
f 1272/1272 1273/1273 1167/1167
f 1167/1167 1273/1273 1168/1168
f 1215/1215 1168/1168 1274/1274
f 1274/1274 1168/1168 1275/1275
f 1276/1276 1187/1187 1277/1277
f 1277/1277 1187/1187 1189/1189
f 1278/1278 1185/1185 1279/1279
f 1279/1279 1185/1185 1187/1187
f 1280/1280 1281/1281 1215/1215
f 1215/1215 1281/1281 1214/1214
f 1209/1209 1214/1214 1282/1282
f 1282/1282 1214/1214 1283/1283
f 1284/1284 1196/1196 1285/1285
f 1285/1285 1196/1196 1197/1197
f 1286/1286 1189/1189 1287/1287
f 1287/1287 1189/1189 1196/1196
f 1288/1288 1289/1289 1209/1209
f 1209/1209 1289/1289 1208/1208
f 1203/1203 1208/1208 1290/1290
f 1290/1290 1208/1208 1291/1291
f 1203/1203 1292/1292 1202/1202
f 1202/1202 1292/1292 1293/1293
f 1294/1294 1197/1197 1295/1295
f 1295/1295 1197/1197 1202/1202
f 1191/1191 1296/1296 1195/1195
f 1195/1195 1296/1296 1297/1297
f 1191/1191 1192/1192 1296/1296
f 1296/1296 1192/1192 1298/1298
f 1193/1193 1299/1299 1201/1201
f 1201/1201 1299/1299 1300/1300
f 1299/1299 1193/1193 1297/1297
f 1297/1297 1193/1193 1195/1195
f 1177/1177 1157/1157 1301/1301
f 1301/1301 1157/1157 1302/1302
f 1157/1157 1156/1156 1302/1302
f 1302/1302 1156/1156 1303/1303
f 1205/1205 1304/1304 1213/1213
f 1213/1213 1304/1304 1305/1305
f 1304/1304 1205/1205 1306/1306
f 1306/1306 1205/1205 1207/1207
f 1170/1170 1164/1164 1307/1307
f 1307/1307 1164/1164 1308/1308
f 1308/1308 1164/1164 1309/1309
f 1309/1309 1164/1164 1163/1163
f 1156/1156 1171/1171 1303/1303
f 1303/1303 1171/1171 1310/1310
f 1171/1171 1170/1170 1310/1310
f 1310/1310 1170/1170 1307/1307
f 1181/1181 1175/1175 1311/1311
f 1311/1311 1175/1175 1312/1312
f 1175/1175 1177/1177 1312/1312
f 1312/1312 1177/1177 1301/1301
f 1192/1192 1182/1182 1298/1298
f 1298/1298 1182/1182 1313/1313
f 1182/1182 1181/1181 1313/1313
f 1313/1313 1181/1181 1311/1311
f 1199/1199 1314/1314 1207/1207
f 1207/1207 1314/1314 1306/1306
f 1314/1314 1199/1199 1300/1300
f 1300/1300 1199/1199 1201/1201
f 1211/1211 1315/1315 1163/1163
f 1163/1163 1315/1315 1309/1309
f 1315/1315 1211/1211 1305/1305
f 1305/1305 1211/1211 1213/1213
f 1316/1316 1317/1317 1296/1296
f 1296/1296 1317/1317 1297/1297
f 1318/1318 1316/1316 1298/1298
f 1298/1298 1316/1316 1296/1296
f 1299/1299 1319/1319 1300/1300
f 1300/1300 1319/1319 1320/1320
f 1319/1319 1299/1299 1317/1317
f 1317/1317 1299/1299 1297/1297
f 1321/1321 1322/1322 1302/1302
f 1302/1302 1322/1322 1301/1301
f 1323/1323 1321/1321 1303/1303
f 1303/1303 1321/1321 1302/1302
f 1304/1304 1324/1324 1305/1305
f 1305/1305 1324/1324 1325/1325
f 1324/1324 1304/1304 1326/1326
f 1326/1326 1304/1304 1306/1306
f 1308/1308 1327/1327 1307/1307
f 1307/1307 1327/1327 1328/1328
f 1327/1327 1308/1308 1329/1329
f 1329/1329 1308/1308 1309/1309
f 1330/1330 1323/1323 1310/1310
f 1310/1310 1323/1323 1303/1303
f 1328/1328 1330/1330 1307/1307
f 1307/1307 1330/1330 1310/1310
f 1331/1331 1332/1332 1312/1312
f 1312/1312 1332/1332 1311/1311
f 1322/1322 1331/1331 1301/1301
f 1301/1301 1331/1331 1312/1312
f 1333/1333 1318/1318 1313/1313
f 1313/1313 1318/1318 1298/1298
f 1332/1332 1333/1333 1311/1311
f 1311/1311 1333/1333 1313/1313
f 1314/1314 1334/1334 1306/1306
f 1306/1306 1334/1334 1326/1326
f 1334/1334 1314/1314 1320/1320
f 1320/1320 1314/1314 1300/1300
f 1315/1315 1335/1335 1309/1309
f 1309/1309 1335/1335 1329/1329
f 1335/1335 1315/1315 1325/1325
f 1325/1325 1315/1315 1305/1305
f 1148/1148 1147/1147 1141/1141
f 1141/1141 1147/1147 1104/1104
f 1147/1147 1154/1154 1104/1104
f 1097/1097 1108/1108 1135/1135
f 1135/1135 1108/1108 1136/1136
f 1099/1099 1097/1097 1142/1142
f 1142/1142 1097/1097 1135/1135
f 1108/1108 1106/1106 1136/1136
f 1136/1136 1106/1106 1129/1129
f 1118/1118 1117/1117 1112/1112
f 1128/1128 1112/1112 1127/1127
f 1112/1112 1117/1117 1127/1127
f 1114/1114 1130/1130 1106/1106
f 1106/1106 1130/1130 1129/1129
f 1127/1127 1117/1117 1125/1125
f 1125/1125 1117/1117 1119/1119
f 1112/1112 1128/1128 1114/1114
f 1114/1114 1128/1128 1130/1130
f 1317/1317 1316/1316 1336/1336
f 1336/1336 1316/1316 1337/1337
f 1316/1316 1318/1318 1337/1337
f 1337/1337 1318/1318 1079/1079
f 1319/1319 1338/1338 1320/1320
f 1320/1320 1338/1338 1339/1339
f 1321/1321 1047/1047 1322/1322
f 1322/1322 1047/1047 1048/1048
f 1321/1321 1323/1323 1047/1047
f 1047/1047 1323/1323 1037/1037
f 1324/1324 1071/1071 1325/1325
f 1325/1325 1071/1071 1064/1064
f 1326/1326 1078/1078 1324/1324
f 1324/1324 1078/1078 1071/1071
f 1328/1328 1327/1327 1035/1035
f 1035/1035 1327/1327 1046/1046
f 1327/1327 1329/1329 1046/1046
f 1046/1046 1329/1329 1054/1054
f 1330/1330 1036/1036 1323/1323
f 1323/1323 1036/1036 1037/1037
f 1330/1330 1328/1328 1036/1036
f 1036/1036 1328/1328 1035/1035
f 1332/1332 1331/1331 1065/1065
f 1065/1065 1331/1331 1059/1059
f 1331/1331 1322/1322 1059/1059
f 1059/1059 1322/1322 1048/1048
f 1333/1333 1332/1332 1073/1073
f 1073/1073 1332/1332 1065/1065
f 1326/1326 1334/1334 1078/1078
f 1078/1078 1334/1334 1090/1090
f 1320/1320 1339/1339 1334/1334
f 1334/1334 1339/1339 1090/1090
f 1329/1329 1335/1335 1054/1054
f 1054/1054 1335/1335 1057/1057
f 1335/1335 1325/1325 1057/1057
f 1057/1057 1325/1325 1064/1064
f 1317/1317 1336/1336 1319/1319
f 1319/1319 1336/1336 1338/1338
f 1054/1054 1045/1045 1046/1046
f 1046/1046 1034/1034 1035/1035
f 1333/1333 1073/1073 1318/1318
f 1318/1318 1073/1073 1079/1079
f 1340/1340 1341/1341 1342/1342
f 1341/1341 1343/1343 1344/1344
f 1344/1344 1343/1343 1342/1342
f 1345/1345 1346/1346 1347/1347
f 1347/1347 1346/1346 1348/1348
f 1346/1346 1345/1345 1349/1349
f 1349/1349 1345/1345 1350/1350
f 1351/1351 1352/1352 1345/1345
f 1345/1345 1352/1352 1350/1350
f 1353/1353 1354/1354 1355/1355
f 1355/1355 1354/1354 1351/1351
f 1351/1351 1345/1345 1355/1355
f 1355/1355 1345/1345 1347/1347
f 1356/1356 1357/1357 1358/1358
f 1358/1358 1357/1357 1359/1359
f 1360/1360 1359/1359 1361/1361
f 1361/1361 1359/1359 1357/1357
f 1362/1362 1363/1363 1364/1364
f 1364/1364 1363/1363 1365/1365
f 1366/1366 1365/1365 1367/1367
f 1367/1367 1365/1365 1368/1368
f 1357/1357 1369/1369 1370/1370
f 1370/1370 1369/1369 1371/1371
f 1369/1369 1372/1372 1373/1373
f 1373/1373 1372/1372 1374/1374
f 1372/1372 1369/1369 1375/1375
f 1375/1375 1369/1369 1376/1376
f 1369/1369 1357/1357 1376/1376
f 1376/1376 1357/1357 1356/1356
f 1377/1377 1378/1378 1379/1379
f 1379/1379 1378/1378 1380/1380
f 1358/1358 1380/1380 1356/1356
f 1356/1356 1380/1380 1378/1378
f 1381/1381 1382/1382 1383/1383
f 1383/1383 1382/1382 1384/1384
f 1382/1382 1385/1385 1384/1384
f 1384/1384 1385/1385 1386/1386
f 1385/1385 1382/1382 1387/1387
f 1387/1387 1382/1382 1388/1388
f 1388/1388 1382/1382 1381/1381
f 1389/1389 1390/1390 1364/1364
f 1364/1364 1390/1390 1391/1391
f 1390/1390 1389/1389 1392/1392
f 1392/1392 1389/1389 1393/1393
f 1389/1389 1394/1394 1393/1393
f 1393/1393 1394/1394 1395/1395
f 1394/1394 1396/1396 1395/1395
f 1395/1395 1396/1396 1397/1397
f 1396/1396 1394/1394 1366/1366
f 1366/1366 1394/1394 1365/1365
f 1394/1394 1389/1389 1365/1365
f 1365/1365 1389/1389 1364/1364
f 1398/1398 1399/1399 1400/1400
f 1400/1400 1399/1399 1401/1401
f 1401/1401 1399/1399 1377/1377
f 1377/1377 1399/1399 1378/1378
f 1399/1399 1376/1376 1378/1378
f 1378/1378 1376/1376 1356/1356
f 1399/1399 1398/1398 1376/1376
f 1376/1376 1398/1398 1375/1375
f 1386/1386 1385/1385 1402/1402
f 1402/1402 1385/1385 1403/1403
f 1403/1403 1385/1385 1404/1404
f 1405/1405 1406/1406 1407/1407
f 1407/1407 1406/1406 1408/1408
f 1406/1406 1405/1405 1409/1409
f 1409/1409 1405/1405 1410/1410
f 1411/1411 1412/1412 1413/1413
f 1413/1413 1412/1412 1414/1414
f 1414/1414 1412/1412 1415/1415
f 1415/1415 1412/1412 1416/1416
f 1412/1412 1406/1406 1416/1416
f 1416/1416 1406/1406 1409/1409
f 1412/1412 1411/1411 1406/1406
f 1406/1406 1411/1411 1408/1408
f 1417/1417 1418/1418 1419/1419
f 1419/1419 1418/1418 1420/1420
f 1418/1418 1421/1421 1420/1420
f 1420/1420 1421/1421 1422/1422
f 1423/1423 1424/1424 1425/1425
f 1425/1425 1424/1424 1426/1426
f 1423/1423 1341/1341 1424/1424
f 1424/1424 1341/1341 1340/1340
f 1427/1427 1428/1428 1425/1425
f 1425/1425 1428/1428 1423/1423
f 1423/1423 1429/1429 1341/1341
f 1341/1341 1429/1429 1343/1343
f 1429/1429 1423/1423 1430/1430
f 1430/1430 1423/1423 1428/1428
f 1431/1431 1432/1432 1433/1433
f 1433/1433 1432/1432 1434/1434
f 1432/1432 1346/1346 1434/1434
f 1434/1434 1346/1346 1349/1349
f 1346/1346 1432/1432 1348/1348
f 1348/1348 1432/1432 1435/1435
f 1432/1432 1431/1431 1435/1435
f 1435/1435 1431/1431 1436/1436
f 1379/1379 1437/1437 1377/1377
f 1377/1377 1437/1437 1438/1438
f 1439/1439 1438/1438 1440/1440
f 1440/1440 1438/1438 1437/1437
f 1441/1441 1442/1442 1443/1443
f 1443/1443 1442/1442 1444/1444
f 1442/1442 1445/1445 1444/1444
f 1444/1444 1445/1445 1446/1446
f 1445/1445 1442/1442 1426/1426
f 1426/1426 1442/1442 1425/1425
f 1447/1447 1441/1441 1448/1448
f 1448/1448 1441/1441 1443/1443
f 1428/1428 1427/1427 1449/1449
f 1450/1450 1449/1449 1427/1427
f 1450/1450 1447/1447 1402/1402
f 1402/1402 1447/1447 1451/1451
f 1447/1447 1448/1448 1451/1451
f 1451/1451 1448/1448 1452/1452
f 1453/1453 1445/1445 1454/1454
f 1454/1454 1445/1445 1426/1426
f 1445/1445 1453/1453 1446/1446
f 1446/1446 1453/1453 1455/1455
f 1453/1453 1456/1456 1455/1455
f 1455/1455 1456/1456 1457/1457
f 1456/1456 1453/1453 1458/1458
f 1458/1458 1453/1453 1454/1454
f 1459/1459 1460/1460 1461/1461
f 1461/1461 1460/1460 1462/1462
f 1463/1463 1462/1462 1464/1464
f 1464/1464 1462/1462 1460/1460
f 1465/1465 1466/1466 1467/1467
f 1467/1467 1466/1466 1468/1468
f 1466/1466 1469/1469 1468/1468
f 1468/1468 1469/1469 1470/1470
f 1469/1469 1466/1466 1471/1471
f 1471/1471 1466/1466 1472/1472
f 1466/1466 1465/1465 1472/1472
f 1472/1472 1465/1465 1473/1473
f 1474/1474 1475/1475 1476/1476
f 1476/1476 1475/1475 1477/1477
f 1475/1475 1478/1478 1477/1477
f 1477/1477 1478/1478 1422/1422
f 1475/1475 1465/1465 1478/1478
f 1478/1478 1465/1465 1467/1467
f 1465/1465 1475/1475 1473/1473
f 1473/1473 1475/1475 1474/1474
f 1479/1479 1480/1480 1481/1481
f 1481/1481 1480/1480 1482/1482
f 1480/1480 1483/1483 1482/1482
f 1482/1482 1483/1483 1484/1484
f 1483/1483 1480/1480 1463/1463
f 1463/1463 1480/1480 1462/1462
f 1480/1480 1479/1479 1462/1462
f 1462/1462 1479/1479 1461/1461
f 1485/1485 1469/1469 1486/1486
f 1486/1486 1469/1469 1471/1471
f 1469/1469 1485/1485 1470/1470
f 1470/1470 1485/1485 1487/1487
f 1485/1485 1488/1488 1487/1487
f 1487/1487 1488/1488 1489/1489
f 1488/1488 1485/1485 1490/1490
f 1490/1490 1485/1485 1486/1486
f 1464/1464 1491/1491 1463/1463
f 1463/1463 1491/1491 1483/1483
f 1492/1492 1484/1484 1491/1491
f 1491/1491 1484/1484 1483/1483
f 1493/1493 1494/1494 1495/1495
f 1495/1495 1494/1494 1496/1496
f 1494/1494 1493/1493 1489/1489
f 1489/1489 1493/1493 1487/1487
f 1487/1487 1493/1493 1470/1470
f 1470/1470 1493/1493 1468/1468
f 1493/1493 1495/1495 1468/1468
f 1468/1468 1495/1495 1467/1467
f 1497/1497 1498/1498 1393/1393
f 1393/1393 1498/1498 1392/1392
f 1498/1498 1497/1497 1499/1499
f 1499/1499 1497/1497 1500/1500
f 1501/1501 1502/1502 1503/1503
f 1503/1503 1502/1502 1504/1504
f 1428/1428 1505/1505 1430/1430
f 1430/1430 1505/1505 1506/1506
f 1507/1507 1508/1508 1509/1509
f 1509/1509 1508/1508 1506/1506
f 1497/1497 1510/1510 1500/1500
f 1500/1500 1510/1510 1511/1511
f 1510/1510 1512/1512 1511/1511
f 1511/1511 1512/1512 1513/1513
f 1512/1512 1510/1510 1397/1397
f 1397/1397 1510/1510 1395/1395
f 1510/1510 1497/1497 1395/1395
f 1395/1395 1497/1497 1393/1393
f 1514/1514 1431/1431 1508/1508
f 1508/1508 1431/1431 1433/1433
f 1431/1431 1514/1514 1436/1436
f 1436/1436 1514/1514 1515/1515
f 1514/1514 1516/1516 1515/1515
f 1515/1515 1516/1516 1517/1517
f 1516/1516 1514/1514 1507/1507
f 1507/1507 1514/1514 1508/1508
f 1518/1518 1519/1519 1500/1500
f 1500/1500 1519/1519 1499/1499
f 1502/1502 1520/1520 1504/1504
f 1504/1504 1520/1520 1521/1521
f 1522/1522 1507/1507 1523/1523
f 1523/1523 1507/1507 1509/1509
f 1524/1524 1525/1525 1513/1513
f 1513/1513 1525/1525 1511/1511
f 1525/1525 1518/1518 1511/1511
f 1511/1511 1518/1518 1500/1500
f 1516/1516 1526/1526 1517/1517
f 1517/1517 1526/1526 1527/1527
f 1526/1526 1516/1516 1522/1522
f 1522/1522 1516/1516 1507/1507
f 1520/1520 1405/1405 1521/1521
f 1521/1521 1405/1405 1407/1407
f 1415/1415 1416/1416 1524/1524
f 1524/1524 1416/1416 1525/1525
f 1416/1416 1409/1409 1525/1525
f 1525/1525 1409/1409 1518/1518
f 1528/1528 1529/1529 1530/1530
f 1530/1530 1529/1529 1531/1531
f 1529/1529 1528/1528 1439/1439
f 1439/1439 1528/1528 1438/1438
f 1528/1528 1401/1401 1438/1438
f 1438/1438 1401/1401 1377/1377
f 1401/1401 1528/1528 1400/1400
f 1400/1400 1528/1528 1530/1530
f 1532/1532 1533/1533 1457/1457
f 1457/1457 1533/1533 1455/1455
f 1533/1533 1534/1534 1455/1455
f 1455/1455 1534/1534 1446/1446
f 1534/1534 1533/1533 1471/1471
f 1471/1471 1533/1533 1486/1486
f 1533/1533 1532/1532 1486/1486
f 1486/1486 1532/1532 1490/1490
f 1535/1535 1536/1536 1476/1476
f 1476/1476 1536/1536 1537/1537
f 1536/1536 1538/1538 1537/1537
f 1537/1537 1538/1538 1452/1452
f 1440/1440 1539/1539 1439/1439
f 1439/1439 1539/1539 1540/1540
f 1461/1461 1540/1540 1459/1459
f 1459/1459 1540/1540 1539/1539
f 1541/1541 1542/1542 1473/1473
f 1473/1473 1542/1542 1472/1472
f 1542/1542 1534/1534 1472/1472
f 1472/1472 1534/1534 1471/1471
f 1534/1534 1542/1542 1446/1446
f 1446/1446 1542/1542 1444/1444
f 1542/1542 1541/1541 1444/1444
f 1444/1444 1541/1541 1443/1443
f 1492/1492 1491/1491 1417/1417
f 1417/1417 1491/1491 1418/1418
f 1491/1491 1464/1464 1418/1418
f 1418/1418 1464/1464 1421/1421
f 1464/1464 1460/1460 1421/1421
f 1421/1421 1460/1460 1543/1543
f 1460/1460 1459/1459 1543/1543
f 1543/1543 1459/1459 1535/1535
f 1440/1440 1437/1437 1538/1538
f 1538/1538 1437/1437 1544/1544
f 1437/1437 1379/1379 1544/1544
f 1544/1544 1379/1379 1386/1386
f 1379/1379 1380/1380 1386/1386
f 1386/1386 1380/1380 1384/1384
f 1380/1380 1358/1358 1384/1384
f 1384/1384 1358/1358 1383/1383
f 1545/1545 1381/1381 1546/1546
f 1546/1546 1381/1381 1383/1383
f 1547/1547 1387/1387 1388/1388
f 1501/1501 1498/1498 1502/1502
f 1502/1502 1498/1498 1499/1499
f 1519/1519 1520/1520 1499/1499
f 1499/1499 1520/1520 1502/1502
f 1410/1410 1405/1405 1519/1519
f 1519/1519 1405/1405 1520/1520
f 1548/1548 1372/1372 1549/1549
f 1549/1549 1372/1372 1550/1550
f 1550/1550 1372/1372 1551/1551
f 1551/1551 1372/1372 1375/1375
f 1398/1398 1552/1552 1375/1375
f 1375/1375 1552/1552 1551/1551
f 1552/1552 1398/1398 1553/1553
f 1553/1553 1398/1398 1400/1400
f 1530/1530 1554/1554 1400/1400
f 1400/1400 1554/1554 1553/1553
f 1530/1530 1531/1531 1554/1554
f 1554/1554 1531/1531 1555/1555
f 1531/1531 1556/1556 1555/1555
f 1555/1555 1556/1556 1557/1557
f 1556/1556 1481/1481 1557/1557
f 1557/1557 1481/1481 1558/1558
f 1481/1481 1482/1482 1558/1558
f 1558/1558 1482/1482 1559/1559
f 1482/1482 1484/1484 1559/1559
f 1559/1559 1484/1484 1560/1560
f 1484/1484 1492/1492 1560/1560
f 1560/1560 1492/1492 1561/1561
f 1492/1492 1417/1417 1561/1561
f 1561/1561 1417/1417 1562/1562
f 1563/1563 1564/1564 1419/1419
f 1419/1419 1564/1564 1565/1565
f 1564/1564 1563/1563 1566/1566
f 1566/1566 1563/1563 1496/1496
f 1567/1567 1494/1494 1568/1568
f 1568/1568 1494/1494 1489/1489
f 1494/1494 1567/1567 1496/1496
f 1496/1496 1567/1567 1566/1566
f 1488/1488 1569/1569 1489/1489
f 1489/1489 1569/1569 1568/1568
f 1569/1569 1488/1488 1570/1570
f 1570/1570 1488/1488 1490/1490
f 1571/1571 1532/1532 1572/1572
f 1572/1572 1532/1532 1457/1457
f 1532/1532 1571/1571 1490/1490
f 1490/1490 1571/1571 1570/1570
f 1456/1456 1573/1573 1457/1457
f 1457/1457 1573/1573 1572/1572
f 1573/1573 1456/1456 1574/1574
f 1574/1574 1456/1456 1458/1458
f 1354/1354 1353/1353 1458/1458
f 1458/1458 1353/1353 1574/1574
f 1411/1411 1575/1575 1408/1408
f 1408/1408 1575/1575 1576/1576
f 1575/1575 1526/1526 1576/1576
f 1576/1576 1526/1526 1522/1522
f 1526/1526 1575/1575 1527/1527
f 1527/1527 1575/1575 1577/1577
f 1575/1575 1411/1411 1577/1577
f 1577/1577 1411/1411 1413/1413
f 1562/1562 1417/1417 1565/1565
f 1565/1565 1417/1417 1419/1419
f 1578/1578 1449/1449 1503/1503
f 1503/1503 1449/1449 1579/1579
f 1449/1449 1578/1578 1428/1428
f 1428/1428 1578/1578 1505/1505
f 1578/1578 1580/1580 1505/1505
f 1505/1505 1580/1580 1581/1581
f 1580/1580 1578/1578 1504/1504
f 1504/1504 1578/1578 1503/1503
f 1538/1538 1544/1544 1452/1452
f 1452/1452 1544/1544 1451/1451
f 1451/1451 1544/1544 1402/1402
f 1402/1402 1544/1544 1386/1386
f 1582/1582 1580/1580 1521/1521
f 1521/1521 1580/1580 1504/1504
f 1580/1580 1582/1582 1581/1581
f 1581/1581 1582/1582 1583/1583
f 1541/1541 1584/1584 1443/1443
f 1443/1443 1584/1584 1448/1448
f 1448/1448 1584/1584 1452/1452
f 1452/1452 1584/1584 1537/1537
f 1584/1584 1474/1474 1537/1537
f 1537/1537 1474/1474 1476/1476
f 1584/1584 1541/1541 1474/1474
f 1474/1474 1541/1541 1473/1473
f 1585/1585 1582/1582 1407/1407
f 1407/1407 1582/1582 1521/1521
f 1582/1582 1585/1585 1583/1583
f 1583/1583 1585/1585 1523/1523
f 1421/1421 1543/1543 1422/1422
f 1422/1422 1543/1543 1477/1477
f 1543/1543 1535/1535 1477/1477
f 1477/1477 1535/1535 1476/1476
f 1576/1576 1585/1585 1408/1408
f 1408/1408 1585/1585 1407/1407
f 1563/1563 1586/1586 1496/1496
f 1496/1496 1586/1586 1495/1495
f 1586/1586 1478/1478 1495/1495
f 1495/1495 1478/1478 1467/1467
f 1478/1478 1586/1586 1422/1422
f 1422/1422 1586/1586 1420/1420
f 1586/1586 1563/1563 1420/1420
f 1420/1420 1563/1563 1419/1419
f 1409/1409 1410/1410 1518/1518
f 1518/1518 1410/1410 1519/1519
f 1358/1358 1359/1359 1383/1383
f 1383/1383 1359/1359 1587/1587
f 1402/1402 1403/1403 1450/1450
f 1403/1403 1579/1579 1450/1450
f 1449/1449 1450/1450 1579/1579
f 1588/1588 1354/1354 1454/1454
f 1454/1454 1354/1354 1458/1458
f 1354/1354 1588/1588 1351/1351
f 1351/1351 1588/1588 1352/1352
f 1424/1424 1588/1588 1426/1426
f 1426/1426 1588/1588 1454/1454
f 1529/1529 1589/1589 1531/1531
f 1531/1531 1589/1589 1556/1556
f 1589/1589 1479/1479 1556/1556
f 1556/1556 1479/1479 1481/1481
f 1479/1479 1589/1589 1461/1461
f 1461/1461 1589/1589 1540/1540
f 1589/1589 1529/1529 1540/1540
f 1540/1540 1529/1529 1439/1439
f 1459/1459 1539/1539 1535/1535
f 1535/1535 1539/1539 1536/1536
f 1539/1539 1440/1440 1536/1536
f 1536/1536 1440/1440 1538/1538
f 1427/1427 1441/1441 1450/1450
f 1450/1450 1441/1441 1447/1447
f 1442/1442 1441/1441 1425/1425
f 1425/1425 1441/1441 1427/1427
f 1581/1581 1583/1583 1509/1509
f 1509/1509 1583/1583 1523/1523
f 1505/1505 1581/1581 1506/1506
f 1506/1506 1581/1581 1509/1509
f 1523/1523 1585/1585 1522/1522
f 1522/1522 1585/1585 1576/1576
f 1508/1508 1433/1433 1506/1506
f 1506/1506 1433/1433 1430/1430
f 1434/1434 1429/1429 1433/1433
f 1433/1433 1429/1429 1430/1430
f 1429/1429 1434/1434 1343/1343
f 1343/1343 1434/1434 1349/1349
f 1349/1349 1350/1350 1343/1343
f 1343/1343 1350/1350 1342/1342
f 1352/1352 1340/1340 1350/1350
f 1350/1350 1340/1340 1342/1342
f 1588/1588 1424/1424 1352/1352
f 1352/1352 1424/1424 1340/1340
f 1590/1590 1591/1591 1592/1592
f 1592/1592 1591/1591 1593/1593
f 1594/1594 1591/1591 1338/1338
f 1338/1338 1591/1591 1094/1094
f 1338/1338 1094/1094 1339/1339
f 1339/1339 1094/1094 1092/1092
f 1089/1089 1090/1090 1092/1092
f 1092/1092 1090/1090 1339/1339
f 1088/1088 1089/1089 1091/1091
f 1091/1091 1089/1089 1092/1092
f 1595/1595 1596/1596 1597/1597
f 1597/1597 1596/1596 1598/1598
f 1599/1599 1596/1596 1079/1079
f 1079/1079 1596/1596 1337/1337
f 1600/1600 1601/1601 1602/1602
f 1602/1602 1601/1601 1603/1603
f 1604/1604 1605/1605 1606/1606
f 1606/1606 1605/1605 1084/1084
f 1595/1595 1594/1594 1336/1336
f 1336/1336 1594/1594 1338/1338
f 1600/1600 1599/1599 1080/1080
f 1080/1080 1599/1599 1079/1079
f 1607/1607 1608/1608 1381/1381
f 1381/1381 1608/1608 1388/1388
f 1364/1364 1391/1391 1609/1609
f 1609/1609 1391/1391 1610/1610
f 1611/1611 1601/1601 1082/1082
f 1082/1082 1601/1601 1081/1081
f 1391/1391 1388/1388 1612/1612
f 1612/1612 1388/1388 1613/1613
f 1591/1591 1590/1590 1094/1094
f 1094/1094 1590/1590 1093/1093
f 1605/1605 1604/1604 1614/1614
f 1614/1614 1604/1604 1615/1615
f 1616/1616 1591/1591 1617/1617
f 1617/1617 1591/1591 1594/1594
f 1618/1618 1594/1594 1619/1619
f 1619/1619 1594/1594 1595/1595
f 1337/1337 1596/1596 1336/1336
f 1336/1336 1596/1596 1595/1595
f 1596/1596 1599/1599 1620/1620
f 1620/1620 1599/1599 1621/1621
f 1599/1599 1600/1600 1622/1622
f 1622/1622 1600/1600 1623/1623
f 1601/1601 1600/1600 1081/1081
f 1081/1081 1600/1600 1080/1080
f 1601/1601 1611/1611 1624/1624
f 1624/1624 1611/1611 1625/1625
f 1611/1611 1605/1605 1626/1626
f 1626/1626 1605/1605 1627/1627
f 1628/1628 1501/1501 1579/1579
f 1579/1579 1501/1501 1503/1503
f 1498/1498 1501/1501 1392/1392
f 1392/1392 1501/1501 1628/1628
f 1390/1390 1392/1392 1629/1629
f 1629/1629 1392/1392 1628/1628
f 1628/1628 1579/1579 1404/1404
f 1404/1404 1579/1579 1403/1403
f 1629/1629 1628/1628 1547/1547
f 1547/1547 1628/1628 1404/1404
f 1629/1629 1547/1547 1391/1391
f 1391/1391 1547/1547 1388/1388
f 1391/1391 1390/1390 1629/1629
f 1547/1547 1404/1404 1387/1387
f 1387/1387 1404/1404 1385/1385
f 1082/1082 1084/1084 1611/1611
f 1611/1611 1084/1084 1605/1605
f 898/898 915/915 896/896
f 896/896 915/915 914/914
f 915/915 929/929 914/914
f 914/914 929/929 928/928
f 929/929 943/943 928/928
f 928/928 943/943 942/942
f 943/943 957/957 942/942
f 942/942 957/957 956/956
f 956/956 957/957 970/970
f 970/970 957/957 392/392
f 392/392 395/395 970/970
f 970/970 395/395 982/982
f 1068/1068 1087/1087 1075/1075
f 1075/1075 1087/1087 1083/1083
f 876/876 1630/1630 875/875
f 875/875 1630/1630 1631/1631
f 1630/1630 1632/1632 1631/1631
f 1631/1631 1632/1632 1633/1633
f 1632/1632 1634/1634 1633/1633
f 1633/1633 1634/1634 1635/1635
f 1634/1634 1636/1636 1635/1635
f 1635/1635 1636/1636 1637/1637
f 1636/1636 1638/1638 1637/1637
f 1637/1637 1638/1638 1639/1639
f 1638/1638 1640/1640 1639/1639
f 1639/1639 1640/1640 1641/1641
f 1640/1640 1642/1642 1641/1641
f 1641/1641 1642/1642 1643/1643
f 1642/1642 1644/1644 1643/1643
f 1643/1643 1644/1644 1645/1645
f 1645/1645 1644/1644 1646/1646
f 1646/1646 1644/1644 1647/1647
f 1646/1646 1647/1647 1648/1648
f 1648/1648 1647/1647 1649/1649
f 1649/1649 1650/1650 1648/1648
f 1648/1648 1650/1650 1651/1651
f 1650/1650 1652/1652 1651/1651
f 1651/1651 1652/1652 1653/1653
f 1652/1652 1654/1654 1653/1653
f 1653/1653 1654/1654 1655/1655
f 904/904 1656/1656 876/876
f 876/876 1656/1656 1630/1630
f 1656/1656 1657/1657 1630/1630
f 1630/1630 1657/1657 1632/1632
f 1657/1657 1658/1658 1632/1632
f 1632/1632 1658/1658 1634/1634
f 1658/1658 1659/1659 1634/1634
f 1634/1634 1659/1659 1636/1636
f 1659/1659 1660/1660 1636/1636
f 1636/1636 1660/1660 1638/1638
f 1660/1660 1661/1661 1638/1638
f 1638/1638 1661/1661 1640/1640
f 1661/1661 1662/1662 1640/1640
f 1640/1640 1662/1662 1642/1642
f 1662/1662 1663/1663 1642/1642
f 1642/1642 1663/1663 1644/1644
f 1644/1644 1663/1663 1647/1647
f 1647/1647 1663/1663 1664/1664
f 1647/1647 1664/1664 1649/1649
f 1649/1649 1664/1664 1665/1665
f 1665/1665 1666/1666 1649/1649
f 1649/1649 1666/1666 1650/1650
f 1667/1667 1668/1668 1652/1652
f 1652/1652 1668/1668 1654/1654
f 918/918 1669/1669 904/904
f 904/904 1669/1669 1656/1656
f 1669/1669 1670/1670 1656/1656
f 1656/1656 1670/1670 1657/1657
f 1670/1670 1671/1671 1657/1657
f 1657/1657 1671/1671 1658/1658
f 1671/1671 1672/1672 1658/1658
f 1658/1658 1672/1672 1659/1659
f 1672/1672 1673/1673 1659/1659
f 1659/1659 1673/1673 1660/1660
f 1673/1673 1674/1674 1660/1660
f 1660/1660 1674/1674 1661/1661
f 1674/1674 1675/1675 1661/1661
f 1661/1661 1675/1675 1662/1662
f 1675/1675 1676/1676 1662/1662
f 1662/1662 1676/1676 1663/1663
f 1663/1663 1676/1676 1664/1664
f 1664/1664 1676/1676 1677/1677
f 1664/1664 1677/1677 1665/1665
f 1665/1665 1677/1677 1678/1678
f 1665/1665 1678/1678 1666/1666
f 1666/1666 1678/1678 1679/1679
f 1680/1680 1681/1681 1667/1667
f 1667/1667 1681/1681 1668/1668
f 918/918 931/931 1669/1669
f 1669/1669 931/931 1682/1682
f 1682/1682 1683/1683 1669/1669
f 1669/1669 1683/1683 1670/1670
f 1683/1683 1684/1684 1670/1670
f 1670/1670 1684/1684 1671/1671
f 1684/1684 1685/1685 1671/1671
f 1671/1671 1685/1685 1672/1672
f 1685/1685 1686/1686 1672/1672
f 1672/1672 1686/1686 1673/1673
f 1686/1686 1687/1687 1673/1673
f 1673/1673 1687/1687 1674/1674
f 1687/1687 1688/1688 1674/1674
f 1674/1674 1688/1688 1675/1675
f 1688/1688 1689/1689 1675/1675
f 1675/1675 1689/1689 1676/1676
f 1676/1676 1689/1689 1677/1677
f 1677/1677 1689/1689 1690/1690
f 1690/1690 1691/1691 1677/1677
f 1677/1677 1691/1691 1678/1678
f 1678/1678 1691/1691 1679/1679
f 1679/1679 1691/1691 1692/1692
f 1693/1693 1694/1694 1680/1680
f 1680/1680 1694/1694 1681/1681
f 931/931 945/945 1682/1682
f 1682/1682 945/945 1695/1695
f 1695/1695 1696/1696 1682/1682
f 1682/1682 1696/1696 1683/1683
f 1696/1696 1697/1697 1683/1683
f 1683/1683 1697/1697 1684/1684
f 1697/1697 1698/1698 1684/1684
f 1684/1684 1698/1698 1685/1685
f 1698/1698 1699/1699 1685/1685
f 1685/1685 1699/1699 1686/1686
f 1699/1699 1700/1700 1686/1686
f 1686/1686 1700/1700 1687/1687
f 1700/1700 1701/1701 1687/1687
f 1687/1687 1701/1701 1688/1688
f 1701/1701 1702/1702 1688/1688
f 1688/1688 1702/1702 1689/1689
f 1689/1689 1702/1702 1690/1690
f 1690/1690 1702/1702 1703/1703
f 1703/1703 1704/1704 1690/1690
f 1690/1690 1704/1704 1691/1691
f 1704/1704 1705/1705 1691/1691
f 1691/1691 1705/1705 1692/1692
f 1706/1706 1707/1707 1693/1693
f 1693/1693 1707/1707 1694/1694
f 945/945 959/959 1695/1695
f 1695/1695 959/959 1708/1708
f 1708/1708 1709/1709 1695/1695
f 1695/1695 1709/1709 1696/1696
f 1709/1709 1710/1710 1696/1696
f 1696/1696 1710/1710 1697/1697
f 1710/1710 1711/1711 1697/1697
f 1697/1697 1711/1711 1698/1698
f 1711/1711 1712/1712 1698/1698
f 1698/1698 1712/1712 1699/1699
f 1712/1712 1713/1713 1699/1699
f 1699/1699 1713/1713 1700/1700
f 1713/1713 1714/1714 1700/1700
f 1700/1700 1714/1714 1701/1701
f 1714/1714 1715/1715 1701/1701
f 1701/1701 1715/1715 1702/1702
f 1702/1702 1715/1715 1703/1703
f 1703/1703 1715/1715 1716/1716
f 1716/1716 1717/1717 1703/1703
f 1703/1703 1717/1717 1704/1704
f 1717/1717 1718/1718 1704/1704
f 1704/1704 1718/1718 1705/1705
f 1719/1719 1707/1707 469/469
f 469/469 1707/1707 470/470
f 959/959 971/971 1708/1708
f 1708/1708 971/971 1720/1720
f 1720/1720 1721/1721 1708/1708
f 1708/1708 1721/1721 1709/1709
f 1721/1721 1722/1722 1709/1709
f 1709/1709 1722/1722 1710/1710
f 1722/1722 1723/1723 1710/1710
f 1710/1710 1723/1723 1711/1711
f 1723/1723 1724/1724 1711/1711
f 1711/1711 1724/1724 1712/1712
f 1724/1724 1725/1725 1712/1712
f 1712/1712 1725/1725 1713/1713
f 1725/1725 1726/1726 1713/1713
f 1713/1713 1726/1726 1714/1714
f 1726/1726 1727/1727 1714/1714
f 1714/1714 1727/1727 1715/1715
f 1715/1715 1727/1727 1716/1716
f 1716/1716 1727/1727 1728/1728
f 1716/1716 1728/1728 1717/1717
f 1717/1717 1728/1728 1729/1729
f 1729/1729 1730/1730 1717/1717
f 1717/1717 1730/1730 1718/1718
f 971/971 983/983 1720/1720
f 1720/1720 983/983 1731/1731
f 1731/1731 1732/1732 1720/1720
f 1720/1720 1732/1732 1721/1721
f 1732/1732 1733/1733 1721/1721
f 1721/1721 1733/1733 1722/1722
f 1733/1733 1734/1734 1722/1722
f 1722/1722 1734/1734 1723/1723
f 1734/1734 1735/1735 1723/1723
f 1723/1723 1735/1735 1724/1724
f 1735/1735 1736/1736 1724/1724
f 1724/1724 1736/1736 1725/1725
f 1736/1736 1737/1737 1725/1725
f 1725/1725 1737/1737 1726/1726
f 1737/1737 1738/1738 1726/1726
f 1726/1726 1738/1738 1727/1727
f 1727/1727 1738/1738 1728/1728
f 1728/1728 1738/1738 1739/1739
f 1739/1739 1740/1740 1728/1728
f 1728/1728 1740/1740 1729/1729
f 1740/1740 1741/1741 1729/1729
f 1729/1729 1741/1741 1730/1730
f 983/983 995/995 1731/1731
f 1731/1731 995/995 1742/1742
f 1742/1742 1743/1743 1731/1731
f 1731/1731 1743/1743 1732/1732
f 1743/1743 1744/1744 1732/1732
f 1732/1732 1744/1744 1733/1733
f 1744/1744 1745/1745 1733/1733
f 1733/1733 1745/1745 1734/1734
f 1745/1745 1746/1746 1734/1734
f 1734/1734 1746/1746 1735/1735
f 1746/1746 1747/1747 1735/1735
f 1735/1735 1747/1747 1736/1736
f 1747/1747 1748/1748 1736/1736
f 1736/1736 1748/1748 1737/1737
f 1748/1748 1749/1749 1737/1737
f 1737/1737 1749/1749 1738/1738
f 1738/1738 1749/1749 1739/1739
f 1739/1739 1749/1749 1750/1750
f 1750/1750 1751/1751 1739/1739
f 1739/1739 1751/1751 1740/1740
f 1751/1751 1752/1752 1740/1740
f 1740/1740 1752/1752 1741/1741
f 995/995 1007/1007 1742/1742
f 1742/1742 1007/1007 1753/1753
f 1753/1753 1754/1754 1742/1742
f 1742/1742 1754/1754 1743/1743
f 1754/1754 1755/1755 1743/1743
f 1743/1743 1755/1755 1744/1744
f 1755/1755 1756/1756 1744/1744
f 1744/1744 1756/1756 1745/1745
f 1756/1756 1757/1757 1745/1745
f 1745/1745 1757/1757 1746/1746
f 1757/1757 1758/1758 1746/1746
f 1746/1746 1758/1758 1747/1747
f 1758/1758 1759/1759 1747/1747
f 1747/1747 1759/1759 1748/1748
f 1759/1759 1760/1760 1748/1748
f 1748/1748 1760/1760 1749/1749
f 1749/1749 1760/1760 1750/1750
f 1750/1750 1760/1760 1761/1761
f 1750/1750 1761/1761 1751/1751
f 1751/1751 1761/1761 1762/1762
f 1751/1751 1762/1762 1752/1752
f 1752/1752 1762/1762 1763/1763
f 1007/1007 1019/1019 1753/1753
f 1753/1753 1019/1019 1764/1764
f 1764/1764 1765/1765 1753/1753
f 1753/1753 1765/1765 1754/1754
f 1765/1765 1766/1766 1754/1754
f 1754/1754 1766/1766 1755/1755
f 1766/1766 1767/1767 1755/1755
f 1755/1755 1767/1767 1756/1756
f 1767/1767 1768/1768 1756/1756
f 1756/1756 1768/1768 1757/1757
f 1768/1768 1769/1769 1757/1757
f 1757/1757 1769/1769 1758/1758
f 1769/1769 1770/1770 1758/1758
f 1758/1758 1770/1770 1759/1759
f 1759/1759 1770/1770 1760/1760
f 1760/1760 1770/1770 1771/1771
f 1760/1760 1771/1771 1761/1761
f 1761/1761 1771/1771 1772/1772
f 1761/1761 1772/1772 1762/1762
f 1762/1762 1772/1772 1773/1773
f 1762/1762 1773/1773 1763/1763
f 1763/1763 1773/1773 1774/1774
f 1019/1019 1031/1031 1764/1764
f 1764/1764 1031/1031 1775/1775
f 1764/1764 1775/1775 1765/1765
f 1765/1765 1775/1775 1776/1776
f 1765/1765 1776/1776 1766/1766
f 1766/1766 1776/1776 1777/1777
f 1766/1766 1777/1777 1767/1767
f 1767/1767 1777/1777 1778/1778
f 1778/1778 1779/1779 1767/1767
f 1767/1767 1779/1779 1768/1768
f 1779/1779 1780/1780 1768/1768
f 1768/1768 1780/1780 1769/1769
f 1780/1780 1781/1781 1769/1769
f 1769/1769 1781/1781 1770/1770
f 1770/1770 1781/1781 1771/1771
f 1771/1771 1781/1781 1782/1782
f 1771/1771 1782/1782 1772/1772
f 1772/1772 1782/1782 1783/1783
f 1772/1772 1783/1783 1773/1773
f 1773/1773 1783/1783 1784/1784
f 1773/1773 1784/1784 1774/1774
f 1774/1774 1784/1784 1785/1785
f 1031/1031 1043/1043 1775/1775
f 1775/1775 1043/1043 1786/1786
f 1775/1775 1786/1786 1776/1776
f 1776/1776 1786/1786 1787/1787
f 1776/1776 1787/1787 1777/1777
f 1777/1777 1787/1787 1788/1788
f 1780/1780 1789/1789 1781/1781
f 1789/1789 1790/1790 1781/1781
f 1781/1781 1790/1790 1782/1782
f 1790/1790 1791/1791 1782/1782
f 1782/1782 1791/1791 1783/1783
f 1791/1791 1792/1792 1783/1783
f 1783/1783 1792/1792 1784/1784
f 1784/1784 1792/1792 1785/1785
f 1785/1785 1792/1792 1793/1793
f 1043/1043 1052/1052 1786/1786
f 1786/1786 1052/1052 1794/1794
f 1786/1786 1794/1794 1787/1787
f 1787/1787 1794/1794 1795/1795
f 1052/1052 1055/1055 1794/1794
f 1794/1794 1055/1055 1796/1796
f 1796/1796 1797/1797 1794/1794
f 1794/1794 1797/1797 1795/1795
f 1798/1798 1791/1791 1799/1799
f 1799/1799 1791/1791 1790/1790
f 1798/1798 1800/1800 1791/1791
f 1791/1791 1800/1800 1792/1792
f 1792/1792 1800/1800 1793/1793
f 1793/1793 1800/1800 1801/1801
f 1055/1055 1062/1062 1796/1796
f 1796/1796 1062/1062 1802/1802
f 1802/1802 1803/1803 1796/1796
f 1796/1796 1803/1803 1797/1797
f 1798/1798 1799/1799 1804/1804
f 1804/1804 1799/1799 1805/1805
f 1798/1798 1804/1804 1800/1800
f 1800/1800 1804/1804 1806/1806
f 1800/1800 1806/1806 1801/1801
f 1801/1801 1806/1806 1807/1807
f 1062/1062 1069/1069 1802/1802
f 1802/1802 1069/1069 1808/1808
f 1802/1802 1808/1808 1803/1803
f 1803/1803 1808/1808 1809/1809
f 1810/1810 1804/1804 1811/1811
f 1811/1811 1804/1804 1805/1805
f 1804/1804 1810/1810 1806/1806
f 1806/1806 1810/1810 1812/1812
f 1806/1806 1812/1812 1807/1807
f 1807/1807 1812/1812 1813/1813
f 1069/1069 1076/1076 1808/1808
f 1808/1808 1076/1076 1814/1814
f 1808/1808 1814/1814 1809/1809
f 1809/1809 1814/1814 1815/1815
f 1816/1816 1810/1810 1817/1817
f 1817/1817 1810/1810 1811/1811
f 1810/1810 1816/1816 1812/1812
f 1812/1812 1816/1816 1818/1818
f 1812/1812 1818/1818 1813/1813
f 1813/1813 1818/1818 1819/1819
f 1813/1813 1819/1819 1820/1820
f 1820/1820 1819/1819 1821/1821
f 1820/1820 1085/1085 1822/1822
f 1822/1822 1085/1085 1086/1086
f 1076/1076 1088/1088 1814/1814
f 1814/1814 1088/1088 1823/1823
f 1814/1814 1823/1823 1815/1815
f 1815/1815 1823/1823 1824/1824
f 1091/1091 1093/1093 1825/1825
f 1825/1825 1093/1093 1826/1826
f 1631/1631 1095/1095 875/875
f 1633/1633 1095/1095 1631/1631
f 1635/1635 1095/1095 1633/1633
f 1637/1637 1095/1095 1635/1635
f 1639/1639 1095/1095 1637/1637
f 1641/1641 1095/1095 1639/1639
f 1643/1643 1095/1095 1641/1641
f 1645/1645 1095/1095 1643/1643
f 1646/1646 1095/1095 1645/1645
f 1648/1648 1095/1095 1646/1646
f 1651/1651 1095/1095 1648/1648
f 1651/1651 1653/1653 1095/1095
f 1655/1655 1095/1095 1653/1653
f 1827/1827 1828/1828 1829/1829
f 1829/1829 1828/1828 1830/1830
f 1828/1828 1827/1827 1831/1831
f 1831/1831 1827/1827 1832/1832
f 1833/1833 1828/1828 1834/1834
f 1834/1834 1828/1828 1831/1831
f 1828/1828 1833/1833 1830/1830
f 1830/1830 1833/1833 1835/1835
f 1836/1836 1837/1837 1838/1838
f 1838/1838 1837/1837 1839/1839
f 1837/1837 1836/1836 1840/1840
f 1840/1840 1836/1836 1841/1841
f 1827/1827 1837/1837 1832/1832
f 1832/1832 1837/1837 1840/1840
f 1837/1837 1827/1827 1839/1839
f 1839/1839 1827/1827 1829/1829
f 1842/1842 1843/1843 1844/1844
f 1844/1844 1843/1843 1845/1845
f 1843/1843 1842/1842 1846/1846
f 1846/1846 1842/1842 1847/1847
f 1836/1836 1843/1843 1841/1841
f 1841/1841 1843/1843 1846/1846
f 1843/1843 1836/1836 1845/1845
f 1845/1845 1836/1836 1838/1838
f 1848/1848 1849/1849 1850/1850
f 1850/1850 1849/1849 1851/1851
f 1848/1848 1850/1850 1852/1852
f 1852/1852 1850/1850 1853/1853
f 1842/1842 1848/1848 1847/1847
f 1847/1847 1848/1848 1852/1852
f 1848/1848 1842/1842 1849/1849
f 1849/1849 1842/1842 1844/1844
f 1854/1854 1855/1855 1856/1856
f 1856/1856 1855/1855 1857/1857
f 1856/1856 1857/1857 1850/1850
f 1850/1850 1857/1857 1853/1853
f 1856/1856 1858/1858 1854/1854
f 1854/1854 1858/1858 1859/1859
f 1860/1860 1861/1861 1862/1862
f 1862/1862 1861/1861 1863/1863
f 1862/1862 1864/1864 1860/1860
f 1860/1860 1864/1864 1865/1865
f 1860/1860 1865/1865 1854/1854
f 1854/1854 1865/1865 1855/1855
f 1854/1854 1859/1859 1860/1860
f 1860/1860 1859/1859 1861/1861
f 1866/1866 1867/1867 1868/1868
f 1868/1868 1867/1867 1869/1869
f 1868/1868 1870/1870 1866/1866
f 1866/1866 1870/1870 1871/1871
f 1866/1866 1871/1871 1862/1862
f 1862/1862 1871/1871 1864/1864
f 1862/1862 1863/1863 1866/1866
f 1866/1866 1863/1863 1867/1867
f 1872/1872 1873/1873 1874/1874
f 1874/1874 1873/1873 1875/1875
f 1874/1874 1876/1876 1872/1872
f 1872/1872 1876/1876 1877/1877
f 1872/1872 1877/1877 1868/1868
f 1868/1868 1877/1877 1870/1870
f 1868/1868 1869/1869 1872/1872
f 1872/1872 1869/1869 1873/1873
f 1878/1878 1879/1879 1880/1880
f 1880/1880 1879/1879 1881/1881
f 1880/1880 1882/1882 1878/1878
f 1878/1878 1882/1882 1883/1883
f 1878/1878 1883/1883 1874/1874
f 1874/1874 1883/1883 1876/1876
f 1874/1874 1875/1875 1878/1878
f 1878/1878 1875/1875 1879/1879
f 1833/1833 1884/1884 1835/1835
f 1835/1835 1884/1884 1885/1885
f 1884/1884 1833/1833 1886/1886
f 1886/1886 1833/1833 1834/1834
f 1880/1880 1884/1884 1882/1882
f 1882/1882 1884/1884 1886/1886
f 1884/1884 1880/1880 1885/1885
f 1885/1885 1880/1880 1881/1881
f 1835/1835 1875/1875 1830/1830
f 1830/1830 1875/1875 1873/1873
f 1887/1887 1888/1888 1889/1889
f 1889/1889 1888/1888 1890/1890
f 1891/1891 1892/1892 1893/1893
f 1893/1893 1892/1892 1890/1890
f 1894/1894 1895/1895 1896/1896
f 1896/1896 1895/1895 1897/1897
f 1898/1898 1899/1899 1900/1900
f 1900/1900 1899/1899 1897/1897
f 1901/1901 1899/1899 1902/1902
f 1902/1902 1899/1899 1903/1903
f 1904/1904 1888/1888 1905/1905
f 1905/1905 1888/1888 1903/1903
f 1906/1906 1907/1907 1908/1908
f 1908/1908 1907/1907 1892/1892
f 1909/1909 1910/1910 1911/1911
f 1911/1911 1910/1910 1908/1908
f 1912/1912 1910/1910 1913/1913
f 1913/1913 1910/1910 1914/1914
f 1915/1915 1916/1916 1914/1914
f 1914/1914 1916/1916 1917/1917
f 1918/1918 1919/1919 1920/1920
f 1920/1920 1919/1919 1921/1921
f 1922/1922 1923/1923 1920/1920
f 1920/1920 1923/1923 1917/1917
f 1924/1924 1925/1925 1926/1926
f 1926/1926 1925/1925 1921/1921
f 1927/1927 1928/1928 1926/1926
f 1926/1926 1928/1928 1929/1929
f 1930/1930 1931/1931 1932/1932
f 1932/1932 1931/1931 1929/1929
f 1933/1933 1934/1934 1932/1932
f 1932/1932 1934/1934 1935/1935
f 1936/1936 1937/1937 1938/1938
f 1938/1938 1937/1937 1935/1935
f 1939/1939 1940/1940 1938/1938
f 1938/1938 1940/1940 1941/1941
f 1942/1942 1943/1943 1944/1944
f 1944/1944 1943/1943 1941/1941
f 1945/1945 1946/1946 1944/1944
f 1944/1944 1946/1946 1895/1895
f 1947/1947 1948/1948 1847/1847
f 1847/1847 1948/1948 1846/1846
f 1949/1949 1950/1950 1846/1846
f 1846/1846 1950/1950 1841/1841
f 1951/1951 1952/1952 1832/1832
f 1832/1832 1952/1952 1831/1831
f 1953/1953 1954/1954 1831/1831
f 1831/1831 1954/1954 1834/1834
f 1955/1955 1956/1956 1841/1841
f 1841/1841 1956/1956 1840/1840
f 1957/1957 1958/1958 1840/1840
f 1840/1840 1958/1958 1832/1832
f 1959/1959 1960/1960 1853/1853
f 1853/1853 1960/1960 1852/1852
f 1961/1961 1962/1962 1852/1852
f 1852/1852 1962/1962 1847/1847
f 1963/1963 1964/1964 1834/1834
f 1834/1834 1964/1964 1886/1886
f 1965/1965 1966/1966 1886/1886
f 1886/1886 1966/1966 1882/1882
f 1855/1855 1967/1967 1857/1857
f 1857/1857 1967/1967 1968/1968
f 1969/1969 1853/1853 1970/1970
f 1970/1970 1853/1853 1857/1857
f 1882/1882 1971/1971 1883/1883
f 1883/1883 1971/1971 1972/1972
f 1973/1973 1876/1876 1974/1974
f 1974/1974 1876/1876 1883/1883
f 1864/1864 1975/1975 1865/1865
f 1865/1865 1975/1975 1976/1976
f 1977/1977 1855/1855 1978/1978
f 1978/1978 1855/1855 1865/1865
f 1876/1876 1979/1979 1877/1877
f 1877/1877 1979/1979 1980/1980
f 1981/1981 1870/1870 1982/1982
f 1982/1982 1870/1870 1877/1877
f 1870/1870 1983/1983 1871/1871
f 1871/1871 1983/1983 1984/1984
f 1985/1985 1864/1864 1986/1986
f 1986/1986 1864/1864 1871/1871
f 1987/1987 1988/1988 1911/1911
f 1911/1911 1988/1988 1909/1909
f 1911/1911 1891/1891 1989/1989
f 1989/1989 1891/1891 1990/1990
f 1991/1991 1992/1992 1905/1905
f 1905/1905 1992/1992 1904/1904
f 1993/1993 1905/1905 1994/1994
f 1994/1994 1905/1905 1898/1898
f 1995/1995 1996/1996 1893/1893
f 1893/1893 1996/1996 1891/1891
f 1893/1893 1904/1904 1997/1997
f 1997/1997 1904/1904 1998/1998
f 1999/1999 2000/2000 1915/1915
f 1915/1915 2000/2000 1916/1916
f 1915/1915 1909/1909 2001/2001
f 2001/2001 1909/1909 2002/2002
f 2003/2003 1898/1898 2004/2004
f 2004/2004 1898/1898 1900/1900
f 2005/2005 1900/1900 2006/2006
f 2006/2006 1900/1900 1946/1946
f 2007/2007 2008/2008 1918/1918
f 1918/1918 2008/2008 1919/1919
f 1918/1918 1916/1916 2009/2009
f 2009/2009 1916/1916 2010/2010
f 2011/2011 1946/1946 2012/2012
f 2012/2012 1946/1946 1945/1945
f 2013/2013 1945/1945 2014/2014
f 2014/2014 1945/1945 1940/1940
f 2015/2015 2016/2016 1927/1927
f 1927/1927 2016/2016 1928/1928
f 1927/1927 1919/1919 2017/2017
f 2017/2017 1919/1919 2018/2018
f 2019/2019 1940/1940 2020/2020
f 2020/2020 1940/1940 1939/1939
f 2021/2021 1939/1939 2022/2022
f 2022/2022 1939/1939 1934/1934
f 2023/2023 2024/2024 1933/1933
f 1933/1933 2024/2024 1934/1934
f 1933/1933 1928/1928 2025/2025
f 2025/2025 1928/1928 2026/2026
f 2027/2027 2028/2028 1925/1925
f 1925/1925 2028/2028 1922/1922
f 2029/2029 1923/1923 2028/2028
f 2028/2028 1923/1923 1922/1922
f 2030/2030 2031/2031 1931/1931
f 1931/1931 2031/2031 1924/1924
f 2031/2031 2027/2027 1924/1924
f 1924/1924 2027/2027 1925/1925
f 1907/1907 2032/2032 1889/1889
f 1889/1889 2032/2032 2033/2033
f 2034/2034 1887/1887 2033/2033
f 2033/2033 1887/1887 1889/1889
f 2035/2035 2036/2036 1943/1943
f 1943/1943 2036/2036 1936/1936
f 2036/2036 2037/2037 1936/1936
f 1936/1936 2037/2037 1937/1937
f 1901/1901 2038/2038 1896/1896
f 1896/1896 2038/2038 2039/2039
f 2039/2039 2040/2040 1896/1896
f 1896/1896 2040/2040 1894/1894
f 1887/1887 2034/2034 1902/1902
f 1902/1902 2034/2034 2041/2041
f 2038/2038 1901/1901 2041/2041
f 2041/2041 1901/1901 1902/1902
f 1912/1912 2042/2042 1906/1906
f 1906/1906 2042/2042 2043/2043
f 2032/2032 1907/1907 2043/2043
f 2043/2043 1907/1907 1906/1906
f 1923/1923 2029/2029 1913/1913
f 1913/1913 2029/2029 2044/2044
f 2042/2042 1912/1912 2044/2044
f 2044/2044 1912/1912 1913/1913
f 2037/2037 2045/2045 1937/1937
f 1937/1937 2045/2045 1930/1930
f 2045/2045 2030/2030 1930/1930
f 1930/1930 2030/2030 1931/1931
f 2040/2040 2046/2046 1894/1894
f 1894/1894 2046/2046 1942/1942
f 2046/2046 2035/2035 1942/1942
f 1942/1942 2035/2035 1943/1943
f 2027/2027 2047/2047 2028/2028
f 2028/2028 2047/2047 2048/2048
f 2049/2049 2029/2029 2048/2048
f 2048/2048 2029/2029 2028/2028
f 2031/2031 2030/2030 2050/2050
f 2050/2050 2030/2030 2051/2051
f 2027/2027 2031/2031 2047/2047
f 2047/2047 2031/2031 2050/2050
f 2032/2032 2052/2052 2033/2033
f 2033/2033 2052/2052 2053/2053
f 2054/2054 2034/2034 2053/2053
f 2053/2053 2034/2034 2033/2033
f 2036/2036 2035/2035 2055/2055
f 2055/2055 2035/2035 2056/2056
f 2037/2037 2036/2036 2057/2057
f 2057/2057 2036/2036 2055/2055
f 2039/2039 2038/2038 2058/2058
f 2058/2058 2038/2038 2059/2059
f 2040/2040 2039/2039 2060/2060
f 2060/2060 2039/2039 2058/2058
f 2034/2034 2054/2054 2041/2041
f 2041/2041 2054/2054 2061/2061
f 2059/2059 2038/2038 2061/2061
f 2061/2061 2038/2038 2041/2041
f 2042/2042 2062/2062 2043/2043
f 2043/2043 2062/2062 2063/2063
f 2052/2052 2032/2032 2063/2063
f 2063/2063 2032/2032 2043/2043
f 2029/2029 2049/2049 2044/2044
f 2044/2044 2049/2049 2064/2064
f 2062/2062 2042/2042 2064/2064
f 2064/2064 2042/2042 2044/2044
f 2045/2045 2037/2037 2065/2065
f 2065/2065 2037/2037 2057/2057
f 2030/2030 2045/2045 2051/2051
f 2051/2051 2045/2045 2065/2065
f 2046/2046 2040/2040 2066/2066
f 2066/2066 2040/2040 2060/2060
f 2035/2035 2046/2046 2056/2056
f 2056/2056 2046/2046 2066/2066
f 1879/1879 1875/1875 1881/1881
f 1875/1875 1835/1835 1881/1881
f 1835/1835 1885/1885 1881/1881
f 1829/1829 1869/1869 1839/1839
f 1839/1839 1869/1869 1867/1867
f 1830/1830 1873/1873 1829/1829
f 1829/1829 1873/1873 1869/1869
f 1839/1839 1867/1867 1838/1838
f 1838/1838 1867/1867 1863/1863
f 1849/1849 1844/1844 1851/1851
f 1859/1859 1858/1858 1844/1844
f 1844/1844 1858/1858 1851/1851
f 1863/1863 1861/1861 1838/1838
f 1838/1838 1861/1861 1845/1845
f 1850/1850 1851/1851 1856/1856
f 1856/1856 1851/1851 1858/1858
f 1844/1844 1845/1845 1859/1859
f 1859/1859 1845/1845 1861/1861
f 2047/2047 2067/2067 2048/2048
f 2048/2048 2067/2067 2068/2068
f 2048/2048 2068/2068 2049/2049
f 2049/2049 2068/2068 1817/1817
f 2069/2069 2070/2070 2051/2051
f 2051/2051 2070/2070 2050/2050
f 1790/1790 1789/1789 2052/2052
f 2052/2052 1789/1789 2053/2053
f 2053/2053 1789/1789 2054/2054
f 2054/2054 1789/1789 1780/1780
f 1803/1803 1809/1809 2056/2056
f 2056/2056 1809/1809 2055/2055
f 1809/1809 1815/1815 2055/2055
f 2055/2055 1815/1815 2057/2057
f 2059/2059 1778/1778 2058/2058
f 2058/2058 1778/1778 1788/1788
f 2058/2058 1788/1788 2060/2060
f 2060/2060 1788/1788 1795/1795
f 1780/1780 1779/1779 2054/2054
f 2054/2054 1779/1779 2061/2061
f 2061/2061 1779/1779 2059/2059
f 2059/2059 1779/1779 1778/1778
f 2062/2062 1805/1805 2063/2063
f 2063/2063 1805/1805 1799/1799
f 2063/2063 1799/1799 2052/2052
f 2052/2052 1799/1799 1790/1790
f 2064/2064 1811/1811 2062/2062
f 2062/2062 1811/1811 1805/1805
f 2057/2057 1815/1815 2065/2065
f 2065/2065 1815/1815 1824/1824
f 1824/1824 2069/2069 2065/2065
f 2065/2065 2069/2069 2051/2051
f 2060/2060 1795/1795 2066/2066
f 2066/2066 1795/1795 1797/1797
f 2066/2066 1797/1797 2056/2056
f 2056/2056 1797/1797 1803/1803
f 2070/2070 2067/2067 2050/2050
f 2050/2050 2067/2067 2047/2047
f 1795/1795 1788/1788 1787/1787
f 1788/1788 1778/1778 1777/1777
f 2064/2064 2049/2049 1811/1811
f 1811/1811 2049/2049 1817/1817
f 2071/2071 2072/2072 2073/2073
f 2072/2072 2074/2074 2073/2073
f 2073/2073 2074/2074 2071/2071
f 2075/2075 1347/1347 2076/2076
f 2076/2076 1347/1347 1348/1348
f 2077/2077 2075/2075 2078/2078
f 2078/2078 2075/2075 2076/2076
f 2075/2075 2077/2077 2079/2079
f 2079/2079 2077/2077 2080/2080
f 1355/1355 2079/2079 1353/1353
f 1353/1353 2079/2079 2081/2081
f 1347/1347 2075/2075 1355/1355
f 1355/1355 2075/2075 2079/2079
f 2082/2082 2083/2083 2084/2084
f 2084/2084 2083/2083 2085/2085
f 2083/2083 2082/2082 2086/2086
f 2086/2086 2082/2082 2087/2087
f 2088/2088 2089/2089 2090/2090
f 2090/2090 2089/2089 2091/2091
f 1366/1366 2092/2092 2088/2088
f 2088/2088 2092/2092 2093/2093
f 2083/2083 2094/2094 2095/2095
f 2095/2095 2094/2094 2096/2096
f 2097/2097 2098/2098 2099/2099
f 2099/2099 2098/2098 2095/2095
f 2098/2098 2100/2100 2095/2095
f 2095/2095 2100/2100 2101/2101
f 2085/2085 2083/2083 2101/2101
f 2101/2101 2083/2083 2095/2095
f 2102/2102 2103/2103 2104/2104
f 2104/2104 2103/2103 2105/2105
f 2084/2084 2085/2085 2102/2102
f 2102/2102 2085/2085 2103/2103
f 2106/2106 2107/2107 2108/2108
f 2108/2108 2107/2107 2109/2109
f 2110/2110 2111/2111 2109/2109
f 2109/2109 2111/2111 2108/2108
f 2111/2111 2112/2112 2108/2108
f 2112/2112 2113/2113 2108/2108
f 2108/2108 2113/2113 2106/2106
f 2114/2114 2090/2090 2115/2115
f 2115/2115 2090/2090 2116/2116
f 2117/2117 2114/2114 2118/2118
f 2118/2118 2114/2114 2115/2115
f 2114/2114 2117/2117 2119/2119
f 2119/2119 2117/2117 2120/2120
f 1397/1397 1396/1396 2120/2120
f 2120/2120 1396/1396 2119/2119
f 1396/1396 1366/1366 2119/2119
f 2119/2119 1366/1366 2088/2088
f 2090/2090 2114/2114 2088/2088
f 2088/2088 2114/2114 2119/2119
f 2121/2121 2122/2122 2123/2123
f 2123/2123 2122/2122 2124/2124
f 2124/2124 2105/2105 2123/2123
f 2123/2123 2105/2105 2103/2103
f 2085/2085 2101/2101 2103/2103
f 2103/2103 2101/2101 2123/2123
f 2100/2100 2121/2121 2101/2101
f 2101/2101 2121/2121 2123/2123
f 2110/2110 2125/2125 2111/2111
f 2111/2111 2125/2125 2126/2126
f 2126/2126 2127/2127 2111/2111
f 2128/2128 2129/2129 2130/2130
f 2130/2130 2129/2129 2131/2131
f 2129/2129 2132/2132 2131/2131
f 2131/2131 2132/2132 2133/2133
f 2134/2134 1413/1413 2135/2135
f 2135/2135 1413/1413 1414/1414
f 1414/1414 1415/1415 2135/2135
f 2135/2135 1415/1415 2136/2136
f 2132/2132 2129/2129 2136/2136
f 2136/2136 2129/2129 2135/2135
f 2128/2128 2134/2134 2129/2129
f 2129/2129 2134/2134 2135/2135
f 2137/2137 2138/2138 2139/2139
f 2139/2139 2138/2138 2140/2140
f 2141/2141 2142/2142 2140/2140
f 2140/2140 2142/2142 2139/2139
f 2143/2143 2144/2144 2145/2145
f 2145/2145 2144/2144 2146/2146
f 2147/2147 2071/2071 2144/2144
f 2144/2144 2071/2071 2146/2146
f 2146/2146 2148/2148 2145/2145
f 2145/2145 2148/2148 2149/2149
f 2074/2074 2150/2150 2071/2071
f 2071/2071 2150/2150 2146/2146
f 2150/2150 2151/2151 2146/2146
f 2146/2146 2151/2151 2148/2148
f 2152/2152 2153/2153 2154/2154
f 2154/2154 2153/2153 2155/2155
f 2153/2153 2078/2078 2155/2155
f 2155/2155 2078/2078 2076/2076
f 2076/2076 1348/1348 2155/2155
f 2155/2155 1348/1348 1435/1435
f 1436/1436 2154/2154 1435/1435
f 1435/1435 2154/2154 2155/2155
f 2104/2104 2105/2105 2156/2156
f 2156/2156 2105/2105 2157/2157
f 2156/2156 2157/2157 2158/2158
f 2158/2158 2157/2157 2159/2159
f 2160/2160 2161/2161 2162/2162
f 2162/2162 2161/2161 2163/2163
f 2164/2164 2165/2165 2163/2163
f 2163/2163 2165/2165 2162/2162
f 2165/2165 2143/2143 2162/2162
f 2162/2162 2143/2143 2145/2145
f 2161/2161 2160/2160 2166/2166
f 2166/2166 2160/2160 2167/2167
f 2148/2148 2168/2168 2149/2149
f 2169/2169 2149/2149 2168/2168
f 2169/2169 2125/2125 2167/2167
f 2167/2167 2125/2125 2170/2170
f 2171/2171 2166/2166 2170/2170
f 2170/2170 2166/2166 2167/2167
f 2143/2143 2165/2165 2172/2172
f 2172/2172 2165/2165 2173/2173
f 2165/2165 2164/2164 2173/2173
f 2173/2173 2164/2164 2174/2174
f 2175/2175 2176/2176 2174/2174
f 2174/2174 2176/2176 2173/2173
f 2176/2176 2177/2177 2173/2173
f 2173/2173 2177/2177 2172/2172
f 2178/2178 2179/2179 2180/2180
f 2180/2180 2179/2179 2181/2181
f 2179/2179 2178/2178 2182/2182
f 2182/2182 2178/2178 2183/2183
f 2184/2184 2185/2185 2186/2186
f 2186/2186 2185/2185 2187/2187
f 2188/2188 2189/2189 2187/2187
f 2187/2187 2189/2189 2186/2186
f 2189/2189 2190/2190 2186/2186
f 2186/2186 2190/2190 2191/2191
f 2192/2192 2184/2184 2191/2191
f 2191/2191 2184/2184 2186/2186
f 2193/2193 2194/2194 2195/2195
f 2195/2195 2194/2194 2196/2196
f 2141/2141 2197/2197 2196/2196
f 2196/2196 2197/2197 2195/2195
f 2185/2185 2184/2184 2197/2197
f 2197/2197 2184/2184 2195/2195
f 2184/2184 2192/2192 2195/2195
f 2195/2195 2192/2192 2193/2193
f 2198/2198 2199/2199 2200/2200
f 2200/2200 2199/2199 2201/2201
f 2202/2202 2203/2203 2201/2201
f 2201/2201 2203/2203 2200/2200
f 2203/2203 2183/2183 2200/2200
f 2200/2200 2183/2183 2178/2178
f 2180/2180 2198/2198 2178/2178
f 2178/2178 2198/2198 2200/2200
f 2190/2190 2189/2189 2204/2204
f 2204/2204 2189/2189 2205/2205
f 2189/2189 2188/2188 2205/2205
f 2205/2205 2188/2188 2206/2206
f 2207/2207 2208/2208 2206/2206
f 2206/2206 2208/2208 2205/2205
f 2208/2208 2209/2209 2205/2205
f 2205/2205 2209/2209 2204/2204
f 2182/2182 2183/2183 2210/2210
f 2210/2210 2183/2183 2203/2203
f 2211/2211 2210/2210 2202/2202
f 2202/2202 2210/2210 2203/2203
f 2212/2212 2213/2213 2214/2214
f 2214/2214 2213/2213 2215/2215
f 2213/2213 2207/2207 2215/2215
f 2215/2215 2207/2207 2206/2206
f 2206/2206 2188/2188 2215/2215
f 2215/2215 2188/2188 2187/2187
f 2185/2185 2214/2214 2187/2187
f 2187/2187 2214/2214 2215/2215
f 2216/2216 2117/2117 2217/2217
f 2217/2217 2117/2117 2118/2118
f 2218/2218 2216/2216 2219/2219
f 2219/2219 2216/2216 2217/2217
f 2220/2220 2221/2221 2222/2222
f 2222/2222 2221/2221 2223/2223
f 2148/2148 2151/2151 2224/2224
f 2224/2224 2151/2151 2225/2225
f 2225/2225 2226/2226 2227/2227
f 2227/2227 2226/2226 2228/2228
f 2216/2216 2218/2218 2229/2229
f 2229/2229 2218/2218 2230/2230
f 1513/1513 1512/1512 2230/2230
f 2230/2230 1512/1512 2229/2229
f 1512/1512 1397/1397 2229/2229
f 2229/2229 1397/1397 2120/2120
f 2117/2117 2216/2216 2120/2120
f 2120/2120 2216/2216 2229/2229
f 2152/2152 2154/2154 2226/2226
f 2226/2226 2154/2154 2231/2231
f 2154/2154 1436/1436 2231/2231
f 2231/2231 1436/1436 1515/1515
f 1517/1517 2232/2232 1515/1515
f 1515/1515 2232/2232 2231/2231
f 2232/2232 2228/2228 2231/2231
f 2231/2231 2228/2228 2226/2226
f 2233/2233 2218/2218 2234/2234
f 2234/2234 2218/2218 2219/2219
f 2221/2221 2220/2220 2235/2235
f 2235/2235 2220/2220 2236/2236
f 2227/2227 2228/2228 2237/2237
f 2237/2237 2228/2228 2238/2238
f 1524/1524 1513/1513 2239/2239
f 2239/2239 1513/1513 2230/2230
f 2218/2218 2233/2233 2230/2230
f 2230/2230 2233/2233 2239/2239
f 2232/2232 1517/1517 2240/2240
f 2240/2240 1517/1517 1527/1527
f 2228/2228 2232/2232 2238/2238
f 2238/2238 2232/2232 2240/2240
f 2235/2235 2236/2236 2131/2131
f 2131/2131 2236/2236 2130/2130
f 1415/1415 1524/1524 2136/2136
f 2136/2136 1524/1524 2239/2239
f 2233/2233 2132/2132 2239/2239
f 2239/2239 2132/2132 2136/2136
f 2241/2241 2242/2242 2243/2243
f 2243/2243 2242/2242 2244/2244
f 2242/2242 2159/2159 2244/2244
f 2244/2244 2159/2159 2157/2157
f 2105/2105 2124/2124 2157/2157
f 2157/2157 2124/2124 2244/2244
f 2124/2124 2122/2122 2244/2244
f 2244/2244 2122/2122 2243/2243
f 2245/2245 2175/2175 2246/2246
f 2246/2246 2175/2175 2174/2174
f 2164/2164 2247/2247 2174/2174
f 2174/2174 2247/2247 2246/2246
f 2247/2247 2190/2190 2246/2246
f 2246/2246 2190/2190 2204/2204
f 2209/2209 2245/2245 2204/2204
f 2204/2204 2245/2245 2246/2246
f 2248/2248 2194/2194 2249/2249
f 2249/2249 2194/2194 2250/2250
f 2171/2171 2251/2251 2250/2250
f 2250/2250 2251/2251 2249/2249
f 2158/2158 2159/2159 2252/2252
f 2252/2252 2159/2159 2253/2253
f 2180/2180 2181/2181 2253/2253
f 2253/2253 2181/2181 2252/2252
f 2254/2254 2192/2192 2255/2255
f 2255/2255 2192/2192 2191/2191
f 2190/2190 2247/2247 2191/2191
f 2191/2191 2247/2247 2255/2255
f 2247/2247 2164/2164 2255/2255
f 2255/2255 2164/2164 2163/2163
f 2161/2161 2254/2254 2163/2163
f 2163/2163 2254/2254 2255/2255
f 2211/2211 2137/2137 2210/2210
f 2210/2210 2137/2137 2139/2139
f 2142/2142 2182/2182 2139/2139
f 2139/2139 2182/2182 2210/2210
f 2182/2182 2142/2142 2179/2179
f 2179/2179 2142/2142 2256/2256
f 2248/2248 2181/2181 2256/2256
f 2256/2256 2181/2181 2179/2179
f 2158/2158 2251/2251 2156/2156
f 2156/2156 2251/2251 2257/2257
f 2110/2110 2104/2104 2257/2257
f 2257/2257 2104/2104 2156/2156
f 2104/2104 2110/2110 2102/2102
f 2102/2102 2110/2110 2109/2109
f 2107/2107 2084/2084 2109/2109
f 2109/2109 2084/2084 2102/2102
f 2107/2107 2106/2106 2258/2258
f 2258/2258 2106/2106 2259/2259
f 2260/2260 2113/2113 2112/2112
f 2223/2223 2221/2221 2217/2217
f 2217/2217 2221/2221 2219/2219
f 2221/2221 2235/2235 2219/2219
f 2219/2219 2235/2235 2234/2234
f 2235/2235 2131/2131 2234/2234
f 2234/2234 2131/2131 2133/2133
f 2261/2261 1550/1550 2262/2262
f 2262/2262 1550/1550 2098/2098
f 1550/1550 1551/1551 2098/2098
f 2098/2098 1551/1551 2100/2100
f 1551/1551 1552/1552 2100/2100
f 2100/2100 1552/1552 2121/2121
f 1552/1552 1553/1553 2121/2121
f 2121/2121 1553/1553 2122/2122
f 1553/1553 1554/1554 2122/2122
f 2122/2122 1554/1554 2243/2243
f 1555/1555 2241/2241 1554/1554
f 1554/1554 2241/2241 2243/2243
f 2241/2241 1555/1555 2263/2263
f 2263/2263 1555/1555 1557/1557
f 1558/1558 2199/2199 1557/1557
f 1557/1557 2199/2199 2263/2263
f 2199/2199 1558/1558 2201/2201
f 2201/2201 1558/1558 1559/1559
f 1560/1560 2202/2202 1559/1559
f 1559/1559 2202/2202 2201/2201
f 1561/1561 2211/2211 1560/1560
f 1560/1560 2211/2211 2202/2202
f 1562/1562 2137/2137 1561/1561
f 1561/1561 2137/2137 2211/2211
f 1565/1565 1564/1564 2138/2138
f 2138/2138 1564/1564 2264/2264
f 1564/1564 1566/1566 2264/2264
f 2264/2264 1566/1566 2212/2212
f 1567/1567 1568/1568 2213/2213
f 2213/2213 1568/1568 2207/2207
f 1566/1566 1567/1567 2212/2212
f 2212/2212 1567/1567 2213/2213
f 1568/1568 1569/1569 2207/2207
f 2207/2207 1569/1569 2208/2208
f 1569/1569 1570/1570 2208/2208
f 2208/2208 1570/1570 2209/2209
f 1571/1571 1572/1572 2245/2245
f 2245/2245 1572/1572 2175/2175
f 1570/1570 1571/1571 2209/2209
f 2209/2209 1571/1571 2245/2245
f 1572/1572 1573/1573 2175/2175
f 2175/2175 1573/1573 2176/2176
f 1573/1573 1574/1574 2176/2176
f 2176/2176 1574/1574 2177/2177
f 1574/1574 1353/1353 2177/2177
f 2177/2177 1353/1353 2081/2081
f 2134/2134 2128/2128 2265/2265
f 2265/2265 2128/2128 2266/2266
f 2238/2238 2240/2240 2266/2266
f 2266/2266 2240/2240 2265/2265
f 2240/2240 1527/1527 2265/2265
f 2265/2265 1527/1527 1577/1577
f 1413/1413 2134/2134 1577/1577
f 1577/1577 2134/2134 2265/2265
f 1562/1562 1565/1565 2137/2137
f 2137/2137 1565/1565 2138/2138
f 2267/2267 2168/2168 2222/2222
f 2222/2222 2168/2168 2268/2268
f 2168/2168 2148/2148 2268/2268
f 2268/2268 2148/2148 2224/2224
f 2269/2269 2270/2270 2224/2224
f 2224/2224 2270/2270 2268/2268
f 2270/2270 2220/2220 2268/2268
f 2268/2268 2220/2220 2222/2222
f 2251/2251 2171/2171 2257/2257
f 2257/2257 2171/2171 2170/2170
f 2110/2110 2257/2257 2125/2125
f 2125/2125 2257/2257 2170/2170
f 2220/2220 2270/2270 2236/2236
f 2236/2236 2270/2270 2271/2271
f 2270/2270 2269/2269 2271/2271
f 2271/2271 2269/2269 2272/2272
f 2254/2254 2161/2161 2273/2273
f 2273/2273 2161/2161 2166/2166
f 2166/2166 2171/2171 2273/2273
f 2273/2273 2171/2171 2250/2250
f 2194/2194 2193/2193 2250/2250
f 2250/2250 2193/2193 2273/2273
f 2192/2192 2254/2254 2193/2193
f 2193/2193 2254/2254 2273/2273
f 2236/2236 2271/2271 2130/2130
f 2130/2130 2271/2271 2274/2274
f 2272/2272 2237/2237 2271/2271
f 2271/2271 2237/2237 2274/2274
f 2142/2142 2141/2141 2256/2256
f 2256/2256 2141/2141 2196/2196
f 2194/2194 2248/2248 2196/2196
f 2196/2196 2248/2248 2256/2256
f 2266/2266 2128/2128 2274/2274
f 2274/2274 2128/2128 2130/2130
f 2264/2264 2212/2212 2275/2275
f 2275/2275 2212/2212 2214/2214
f 2185/2185 2197/2197 2214/2214
f 2214/2214 2197/2197 2275/2275
f 2197/2197 2141/2141 2275/2275
f 2275/2275 2141/2141 2140/2140
f 2138/2138 2264/2264 2140/2140
f 2140/2140 2264/2264 2275/2275
f 2132/2132 2233/2233 2133/2133
f 2133/2133 2233/2233 2234/2234
f 2084/2084 2107/2107 2082/2082
f 2082/2082 2107/2107 2276/2276
f 2125/2125 2169/2169 2126/2126
f 2126/2126 2169/2169 2267/2267
f 2168/2168 2267/2267 2169/2169
f 2177/2177 2081/2081 2172/2172
f 2172/2172 2081/2081 2277/2277
f 2081/2081 2079/2079 2277/2277
f 2079/2079 2080/2080 2277/2277
f 2144/2144 2143/2143 2277/2277
f 2277/2277 2143/2143 2172/2172
f 2242/2242 2241/2241 2278/2278
f 2278/2278 2241/2241 2263/2263
f 2199/2199 2198/2198 2263/2263
f 2263/2263 2198/2198 2278/2278
f 2198/2198 2180/2180 2278/2278
f 2278/2278 2180/2180 2253/2253
f 2159/2159 2242/2242 2253/2253
f 2253/2253 2242/2242 2278/2278
f 2181/2181 2248/2248 2252/2252
f 2252/2252 2248/2248 2249/2249
f 2251/2251 2158/2158 2249/2249
f 2249/2249 2158/2158 2252/2252
f 2149/2149 2169/2169 2160/2160
f 2160/2160 2169/2169 2167/2167
f 2149/2149 2160/2160 2145/2145
f 2145/2145 2160/2160 2162/2162
f 2269/2269 2227/2227 2272/2272
f 2272/2272 2227/2227 2237/2237
f 2227/2227 2269/2269 2225/2225
f 2225/2225 2269/2269 2224/2224
f 2237/2237 2238/2238 2274/2274
f 2274/2274 2238/2238 2266/2266
f 2151/2151 2152/2152 2225/2225
f 2225/2225 2152/2152 2226/2226
f 2153/2153 2152/2152 2150/2150
f 2150/2150 2152/2152 2151/2151
f 2150/2150 2074/2074 2153/2153
f 2153/2153 2074/2074 2078/2078
f 2072/2072 2077/2077 2074/2074
f 2074/2074 2077/2077 2078/2078
f 2080/2080 2077/2077 2147/2147
f 2147/2147 2077/2077 2072/2072
f 2277/2277 2080/2080 2144/2144
f 2144/2144 2080/2080 2147/2147
f 2279/2279 2280/2280 2281/2281
f 2281/2281 2280/2280 1590/1590
f 1826/1826 2280/2280 2070/2070
f 2070/2070 2280/2280 2282/2282
f 2070/2070 2069/2069 1826/1826
f 1826/1826 2069/2069 1825/1825
f 2069/2069 1824/1824 1825/1825
f 1825/1825 1824/1824 1823/1823
f 1088/1088 1091/1091 1823/1823
f 1823/1823 1091/1091 1825/1825
f 2283/2283 2284/2284 2285/2285
f 2285/2285 2284/2284 2286/2286
f 1817/1817 2068/2068 2287/2287
f 2287/2287 2068/2068 2286/2286
f 2288/2288 2289/2289 2290/2290
f 2290/2290 2289/2289 2291/2291
f 1821/1821 2292/2292 1606/1606
f 1606/1606 2292/2292 1604/1604
f 2070/2070 2282/2282 2067/2067
f 2067/2067 2282/2282 2285/2285
f 1817/1817 2287/2287 1816/1816
f 1816/1816 2287/2287 2291/2291
f 2106/2106 2113/2113 2293/2293
f 2293/2293 2113/2113 2294/2294
f 2090/2090 2295/2295 2116/2116
f 2116/2116 2295/2295 2296/2296
f 1818/1818 2289/2289 1819/1819
f 1819/1819 2289/2289 2297/2297
f 2298/2298 2113/2113 2299/2299
f 2299/2299 2113/2113 2116/2116
f 1093/1093 1590/1590 1826/1826
f 1826/1826 1590/1590 2280/2280
f 2300/2300 1604/1604 2301/2301
f 2301/2301 1604/1604 2292/2292
f 2302/2302 2303/2303 2280/2280
f 2280/2280 2303/2303 2282/2282
f 2304/2304 2305/2305 2282/2282
f 2282/2282 2305/2305 2285/2285
f 2068/2068 2067/2067 2286/2286
f 2286/2286 2067/2067 2285/2285
f 2306/2306 2287/2287 2307/2307
f 2307/2307 2287/2287 2286/2286
f 2308/2308 2291/2291 2309/2309
f 2309/2309 2291/2291 2287/2287
f 1816/1816 2291/2291 1818/1818
f 1818/1818 2291/2291 2289/2289
f 2310/2310 2297/2297 2311/2311
f 2311/2311 2297/2297 2289/2289
f 2312/2312 2292/2292 2313/2313
f 2313/2313 2292/2292 2297/2297
f 2314/2314 2267/2267 2223/2223
f 2223/2223 2267/2267 2222/2222
f 2314/2314 2223/2223 2118/2118
f 2118/2118 2223/2223 2217/2217
f 2314/2314 2118/2118 2315/2315
f 2315/2315 2118/2118 2115/2115
f 2126/2126 2267/2267 2127/2127
f 2127/2127 2267/2267 2314/2314
f 2127/2127 2314/2314 2260/2260
f 2260/2260 2314/2314 2315/2315
f 2113/2113 2260/2260 2116/2116
f 2116/2116 2260/2260 2315/2315
f 2116/2116 2315/2315 2115/2115
f 2111/2111 2127/2127 2112/2112
f 2112/2112 2127/2127 2260/2260
f 1819/1819 2297/2297 1821/1821
f 1821/1821 2297/2297 2292/2292
f 1666/1666 1667/1667 1650/1650
f 1650/1650 1667/1667 1652/1652
f 1679/1679 1680/1680 1666/1666
f 1666/1666 1680/1680 1667/1667
f 1692/1692 1693/1693 1679/1679
f 1679/1679 1693/1693 1680/1680
f 1705/1705 1706/1706 1692/1692
f 1692/1692 1706/1706 1693/1693
f 1705/1705 1718/1718 1706/1706
f 1706/1706 1718/1718 856/856
f 1730/1730 859/859 1718/1718
f 1718/1718 859/859 856/856
f 1801/1801 1822/1822 872/872
f 1807/1807 1813/1813 1822/1822
f 1822/1822 1813/1813 1820/1820
f 1171/1171 1156/1156 1172/1172
f 1172/1172 1156/1156 1158/1158
f 1157/1157 1177/1177 1159/1159
f 1159/1159 1177/1177 1162/1162
f 1161/1161 1173/1173 1159/1159
f 1159/1159 1173/1173 1158/1158
f 1174/1174 1167/1167 1172/1172
f 1172/1172 1167/1167 1169/1169
f 1179/1179 1160/1160 1176/1176
f 1176/1176 1160/1160 1162/1162
f 1164/1164 1170/1170 1166/1166
f 1166/1166 1170/1170 1169/1169
f 1175/1175 1181/1181 1176/1176
f 1176/1176 1181/1181 1180/1180
f 1168/1168 1215/1215 1166/1166
f 1166/1166 1215/1215 1165/1165
f 1184/1184 1178/1178 1183/1183
f 1183/1183 1178/1178 1180/1180
f 1163/1163 1165/1165 1211/1211
f 1211/1211 1165/1165 1212/1212
f 1192/1192 1186/1186 1182/1182
f 1182/1182 1186/1186 1183/1183
f 1209/1209 1210/1210 1214/1214
f 1214/1214 1210/1210 1212/1212
f 1185/1185 1186/1186 1187/1187
f 1187/1187 1186/1186 1188/1188
f 1213/1213 1210/1210 1205/1205
f 1205/1205 1210/1210 1206/1206
f 1195/1195 1190/1190 1191/1191
f 1191/1191 1190/1190 1188/1188
f 1203/1203 1204/1204 1208/1208
f 1208/1208 1204/1204 1206/1206
f 1189/1189 1190/1190 1196/1196
f 1196/1196 1190/1190 1194/1194
f 1207/1207 1204/1204 1199/1199
f 1199/1199 1204/1204 1200/1200
f 1201/1201 1198/1198 1193/1193
f 1193/1193 1198/1198 1194/1194
f 1197/1197 1198/1198 1202/1202
f 1202/1202 1198/1198 1200/1200
f 1889/1889 1890/1890 1907/1907
f 1907/1907 1890/1890 1892/1892
f 1902/1902 1903/1903 1887/1887
f 1887/1887 1903/1903 1888/1888
f 1893/1893 1890/1890 1904/1904
f 1904/1904 1890/1890 1888/1888
f 1911/1911 1908/1908 1891/1891
f 1891/1891 1908/1908 1892/1892
f 1905/1905 1903/1903 1898/1898
f 1898/1898 1903/1903 1899/1899
f 1906/1906 1908/1908 1912/1912
f 1912/1912 1908/1908 1910/1910
f 1896/1896 1897/1897 1901/1901
f 1901/1901 1897/1897 1899/1899
f 1915/1915 1914/1914 1909/1909
f 1909/1909 1914/1914 1910/1910
f 1900/1900 1897/1897 1946/1946
f 1946/1946 1897/1897 1895/1895
f 1923/1923 1913/1913 1917/1917
f 1917/1917 1913/1913 1914/1914
f 1894/1894 1942/1942 1895/1895
f 1895/1895 1942/1942 1944/1944
f 1916/1916 1918/1918 1917/1917
f 1917/1917 1918/1918 1920/1920
f 1940/1940 1945/1945 1941/1941
f 1941/1941 1945/1945 1944/1944
f 1925/1925 1922/1922 1921/1921
f 1921/1921 1922/1922 1920/1920
f 1943/1943 1936/1936 1941/1941
f 1941/1941 1936/1936 1938/1938
f 1919/1919 1927/1927 1921/1921
f 1921/1921 1927/1927 1926/1926
f 1934/1934 1939/1939 1935/1935
f 1935/1935 1939/1939 1938/1938
f 1931/1931 1924/1924 1929/1929
f 1929/1929 1924/1924 1926/1926
f 1937/1937 1930/1930 1935/1935
f 1935/1935 1930/1930 1932/1932
f 1928/1928 1933/1933 1929/1929
f 1929/1929 1933/1933 1932/1932
f 612/612 733/733 610/610
f 610/610 733/733 2316/2316
f 546/546 707/707 540/540
f 540/540 707/707 733/733
f 2316/2316 733/733 785/785
f 785/785 733/733 707/707
f 667/667 666/666 835/835
f 835/835 666/666 836/836
f 677/677 834/834 670/670
f 670/670 834/834 835/835
f 675/675 673/673 833/833
f 833/833 673/673 834/834
f 718/718 831/831 678/678
f 678/678 831/831 833/833
f 718/718 760/760 831/831
f 831/831 760/760 832/832
f 751/751 830/830 804/804
f 804/804 830/830 828/828
f 592/592 826/826 590/590
f 590/590 826/826 827/827
f 682/682 826/826 683/683
f 683/683 826/826 825/825
f 609/609 824/824 595/595
f 595/595 824/824 825/825
f 692/692 824/824 693/693
f 693/693 824/824 823/823
f 607/607 730/730 823/823
f 823/823 730/730 822/822
f 701/701 700/700 821/821
f 821/821 700/700 822/822
f 794/794 796/796 819/819
f 819/819 796/796 820/820
f 1774/1774 1785/1785 866/866
f 866/866 1785/1785 867/867
f 1763/1763 1774/1774 864/864
f 864/864 1774/1774 866/866
f 1752/1752 1763/1763 863/863
f 863/863 1763/1763 864/864
f 1741/1741 1752/1752 860/860
f 860/860 1752/1752 863/863
f 869/869 867/867 1793/1793
f 1793/1793 867/867 1785/1785
f 872/872 869/869 1801/1801
f 1801/1801 869/869 1793/1793
f 872/872 1822/1822 471/471
f 471/471 1822/1822 1086/1086
f 471/471 1086/1086 406/406
f 406/406 1086/1086 1087/1087
f 859/859 1730/1730 860/860
f 860/860 1730/1730 1741/1741
f 2317/2317 1655/1655 2318/2318
f 2318/2318 1655/1655 1654/1654
f 856/856 470/470 1706/1706
f 1706/1706 470/470 1707/1707
f 2319/2319 2318/2318 1668/1668
f 1668/1668 2318/2318 1654/1654
f 2320/2320 2319/2319 1681/1681
f 1681/1681 2319/2319 1668/1668
f 2320/2320 1681/1681 2321/2321
f 2321/2321 1681/1681 1694/1694
f 1719/1719 2321/2321 1707/1707
f 1707/1707 2321/2321 1694/1694
f 444/444 445/445 846/846
f 846/846 445/445 2322/2322
f 115/115 117/117 441/441
f 441/441 117/117 443/443
f 1042/1042 401/401 1051/1051
f 1051/1051 401/401 404/404
f 1042/1042 1030/1030 401/401
f 401/401 1030/1030 399/399
f 898/898 897/897 902/902
f 902/902 897/897 901/901
f 390/390 391/391 2323/2323
f 2323/2323 391/391 958/958
f 2324/2324 916/916 900/900
f 900/900 916/916 902/902
f 2325/2325 930/930 2324/2324
f 2324/2324 930/930 916/916
f 2326/2326 944/944 2325/2325
f 2325/2325 944/944 930/930
f 2323/2323 958/958 2326/2326
f 2326/2326 958/958 944/944
f 994/994 982/982 396/396
f 396/396 982/982 395/395
f 396/396 398/398 994/994
f 994/994 398/398 1006/1006
f 1006/1006 398/398 1018/1018
f 1018/1018 398/398 399/399
f 1030/1030 1018/1018 399/399
f 406/406 1087/1087 2327/2327
f 2327/2327 404/404 406/406
f 1821/1821 1606/1606 1820/1820
f 1820/1820 1606/1606 1085/1085
f 1083/1083 1085/1085 1084/1084
f 1084/1084 1085/1085 1606/1606
f 2/2 2328/2328 4/4
f 4/4 2328/2328 2329/2329
f 5/5 2330/2330 2/2
f 2/2 2330/2330 2328/2328
f 8/8 2331/2331 5/5
f 5/5 2331/2331 2330/2330
f 9/9 2332/2332 8/8
f 8/8 2332/2332 2331/2331
f 193/193 192/192 2333/2333
f 2333/2333 192/192 2334/2334
f 195/195 194/194 2335/2335
f 2335/2335 194/194 2336/2336
f 192/192 195/195 2334/2334
f 2334/2334 195/195 2335/2335
f 4/4 2329/2329 198/198
f 198/198 2329/2329 2337/2337
f 200/200 193/193 2338/2338
f 2338/2338 193/193 2333/2333
f 198/198 2337/2337 364/364
f 364/364 2337/2337 2339/2339
f 382/382 200/200 2340/2340
f 2340/2340 200/200 2338/2338
f 364/364 2339/2339 194/194
f 194/194 2339/2339 2336/2336
f 2332/2332 9/9 2341/2341
f 2341/2341 9/9 408/408
f 382/382 2340/2340 466/466
f 466/466 2340/2340 2342/2342
f 475/475 476/476 2343/2343
f 2343/2343 476/476 2344/2344
f 478/478 475/475 2345/2345
f 2345/2345 475/475 2343/2343
f 480/480 478/478 2346/2346
f 2346/2346 478/478 2345/2345
f 480/480 2346/2346 482/482
f 482/482 2346/2346 2347/2347
f 664/664 2348/2348 665/665
f 665/665 2348/2348 2349/2349
f 668/668 2350/2350 666/666
f 666/666 2350/2350 2351/2351
f 665/665 2349/2349 668/668
f 668/668 2349/2349 2350/2350
f 476/476 671/671 2344/2344
f 2344/2344 671/671 2352/2352
f 672/672 2353/2353 664/664
f 664/664 2353/2353 2348/2348
f 671/671 836/836 2352/2352
f 2352/2352 836/836 2354/2354
f 482/482 2347/2347 838/838
f 838/838 2347/2347 2355/2355
f 466/466 2342/2342 672/672
f 672/672 2342/2342 2353/2353
f 836/836 666/666 2354/2354
f 2354/2354 666/666 2351/2351
f 2329/2329 2328/2328 2356/2356
f 2328/2328 2330/2330 2356/2356
f 2330/2330 2331/2331 2356/2356
f 2331/2331 2332/2332 2356/2356
f 2333/2333 2334/2334 2356/2356
f 2335/2335 2336/2336 2356/2356
f 2334/2334 2335/2335 2356/2356
f 2337/2337 2329/2329 2356/2356
f 2338/2338 2333/2333 2356/2356
f 2339/2339 2337/2337 2356/2356
f 2340/2340 2338/2338 2356/2356
f 2336/2336 2339/2339 2356/2356
f 2332/2332 2341/2341 2356/2356
f 2341/2341 2355/2355 2356/2356
f 2342/2342 2340/2340 2356/2356
f 2343/2343 2344/2344 2356/2356
f 2345/2345 2343/2343 2356/2356
f 2346/2346 2345/2345 2356/2356
f 2347/2347 2346/2346 2356/2356
f 2349/2349 2348/2348 2356/2356
f 2351/2351 2350/2350 2356/2356
f 2350/2350 2349/2349 2356/2356
f 2344/2344 2352/2352 2356/2356
f 2348/2348 2353/2353 2356/2356
f 2352/2352 2354/2354 2356/2356
f 2355/2355 2347/2347 2356/2356
f 2353/2353 2342/2342 2356/2356
f 2354/2354 2351/2351 2356/2356
f 1087/1087 1068/1068 2327/2327
f 2327/2327 1068/1068 1061/1061
f 1051/1051 404/404 1061/1061
f 1061/1061 404/404 2327/2327
f 1801/1801 1807/1807 1822/1822
f 2355/2355 2341/2341 838/838
f 838/838 2341/2341 408/408
f 90/90 2357/2357 88/88
f 88/88 2357/2357 2358/2358
f 839/839 837/837 410/410
f 410/410 837/837 409/409
f 837/837 838/838 409/409
f 409/409 838/838 408/408
f 840/840 839/839 411/411
f 411/411 839/839 410/410
f 840/840 411/411 845/845
f 845/845 411/411 441/441
f 845/845 441/441 442/442
f 442/442 441/441 443/443
f 117/117 131/131 443/443
f 443/443 131/131 445/445
f 131/131 133/133 445/445
f 445/445 133/133 2322/2322
f 847/847 2359/2359 848/848
f 848/848 2359/2359 2360/2360
f 848/848 2360/2360 849/849
f 849/849 2360/2360 2361/2361
f 849/849 2361/2361 850/850
f 850/850 2361/2361 2362/2362
f 850/850 2362/2362 843/843
f 843/843 2362/2362 2363/2363
f 844/844 843/843 2364/2364
f 2364/2364 843/843 2363/2363
f 841/841 844/844 2365/2365
f 2365/2365 844/844 2364/2364
f 841/841 2365/2365 842/842
f 842/842 2365/2365 2366/2366
f 2357/2357 90/90 2367/2367
f 2367/2367 90/90 164/164
f 150/150 2368/2368 164/164
f 164/164 2368/2368 2367/2367
f 149/149 2369/2369 150/150
f 150/150 2369/2369 2368/2368
f 142/142 78/78 450/450
f 450/450 78/78 427/427
f 76/76 425/425 78/78
f 78/78 425/425 427/427
f 79/79 429/429 76/76
f 76/76 429/429 425/425
f 79/79 82/82 429/429
f 429/429 82/82 431/431
f 82/82 384/384 431/431
f 431/431 384/384 462/462
f 384/384 386/386 462/462
f 462/462 386/386 464/464
f 389/389 467/467 386/386
f 386/386 467/467 464/464
f 390/390 469/469 389/389
f 389/389 469/469 467/467
f 2323/2323 1719/1719 390/390
f 390/390 1719/1719 469/469
f 2326/2326 2321/2321 2323/2323
f 2323/2323 2321/2321 1719/1719
f 2326/2326 2325/2325 2321/2321
f 2321/2321 2325/2325 2320/2320
f 2325/2325 2324/2324 2320/2320
f 2320/2320 2324/2324 2319/2319
f 2324/2324 900/900 2319/2319
f 2319/2319 900/900 2318/2318
f 900/900 899/899 2318/2318
f 2318/2318 899/899 2317/2317
f 1095/1095 2317/2317 899/899
f 1655/1655 2317/2317 1095/1095
f 1095/1095 901/901 897/897
f 319/319 2370/2370 321/321
f 321/321 2370/2370 2371/2371
f 325/325 2372/2372 323/323
f 323/323 2372/2372 2373/2373
f 323/323 2373/2373 319/319
f 319/319 2373/2373 2370/2370
f 269/269 266/266 2374/2374
f 2374/2374 266/266 2375/2375
f 267/267 275/275 2376/2376
f 2376/2376 275/275 2377/2377
f 266/266 267/267 2375/2375
f 2375/2375 267/267 2376/2376
f 290/290 269/269 2378/2378
f 2378/2378 269/269 2374/2374
f 321/321 2371/2371 276/276
f 276/276 2371/2371 2379/2379
f 275/275 276/276 2377/2377
f 2377/2377 276/276 2379/2379
f 284/284 277/277 286/286
f 286/286 277/277 287/287
f 358/358 2380/2380 280/280
f 280/280 2380/2380 2381/2381
f 280/280 2381/2381 282/282
f 282/282 2381/2381 2382/2382
f 286/286 287/287 293/293
f 293/293 287/287 291/291
f 358/358 290/290 2380/2380
f 2380/2380 290/290 2378/2378
f 293/293 291/291 295/295
f 295/295 291/291 296/296
f 295/295 296/296 299/299
f 299/299 296/296 297/297
f 301/301 299/299 302/302
f 302/302 299/299 297/297
f 316/316 301/301 314/314
f 314/314 301/301 302/302
f 311/311 312/312 2383/2383
f 2383/2383 312/312 2384/2384
f 308/308 316/316 304/304
f 304/304 316/316 314/314
f 307/307 308/308 303/303
f 303/303 308/308 304/304
f 325/325 311/311 2372/2372
f 2372/2372 311/311 2383/2383
f 797/797 795/795 2385/2385
f 2385/2385 795/795 2386/2386
f 792/792 793/793 2387/2387
f 2387/2387 793/793 2388/2388
f 795/795 792/792 2386/2386
f 2386/2386 792/792 2387/2387
f 739/739 2389/2389 746/746
f 746/746 2389/2389 2390/2390
f 741/741 2391/2391 737/737
f 737/737 2391/2391 2392/2392
f 737/737 2392/2392 739/739
f 739/739 2392/2392 2389/2389
f 762/762 2393/2393 741/741
f 741/741 2393/2393 2391/2391
f 793/793 748/748 2388/2388
f 2388/2388 748/748 2394/2394
f 746/746 2390/2390 748/748
f 748/748 2390/2390 2394/2394
f 829/829 753/753 2395/2395
f 2395/2395 753/753 2396/2396
f 757/757 758/758 749/749
f 749/749 758/758 759/759
f 753/753 754/754 2396/2396
f 2396/2396 754/754 2397/2397
f 758/758 765/765 759/759
f 759/759 765/765 763/763
f 829/829 2395/2395 762/762
f 762/762 2395/2395 2393/2393
f 765/765 767/767 763/763
f 763/763 767/767 768/768
f 767/767 771/771 768/768
f 768/768 771/771 769/769
f 773/773 774/774 771/771
f 771/771 774/774 769/769
f 788/788 786/786 773/773
f 773/773 786/786 774/774
f 780/780 775/775 788/788
f 788/788 775/775 786/786
f 782/782 2398/2398 784/784
f 784/784 2398/2398 2399/2399
f 778/778 776/776 780/780
f 780/780 776/776 775/775
f 797/797 2385/2385 782/782
f 782/782 2385/2385 2398/2398
f 2147/2147 2072/2072 2071/2071
f 1342/1342 1341/1341 1344/1344

